CASE_ID,ACCIDENT_YEAR,PROC_DATE,JURIS,COLLISION_DATE,COLLISION_TIME,OFFICER_ID,REPORTING_DISTRICT,DAY_OF_WEEK,CHP_SHIFT,POPULATION,CNTY_CITY_LOC,SPECIAL_COND,BEAT_TYPE,CHP_BEAT_TYPE,CITY_DIVISION_LAPD,CHP_BEAT_CLASS,BEAT_NUMBER,PRIMARY_RD,SECONDARY_RD,DISTANCE,DIRECTION,INTERSECTION,WEATHER_1,WEATHER_2,STATE_HWY_IND,CALTRANS_COUNTY,CALTRANS_DISTRICT,STATE_ROUTE,ROUTE_SUFFIX,POSTMILE_PREFIX,POSTMILE,LOCATION_TYPE,RAMP_INTERSECTION,SIDE_OF_HWY,TOW_AWAY,COLLISION_SEVERITY,NUMBER_KILLED,NUMBER_INJURED,PARTY_COUNT,PRIMARY_COLL_FACTOR,PCF_CODE_OF_VIOL,PCF_VIOL_CATEGORY,PCF_VIOLATION,PCF_VIOL_SUBSECTION,HIT_AND_RUN,TYPE_OF_COLLISION,MVIW,PED_ACTION,ROAD_SURFACE,ROAD_COND_1,ROAD_COND_2,LIGHTING,CONTROL_DEVICE,CHP_ROAD_TYPE,PEDESTRIAN_ACCIDENT,BICYCLE_ACCIDENT,MOTORCYCLE_ACCIDENT,TRUCK_ACCIDENT,NOT_PRIVATE_PROPERTY,ALCOHOL_INVOLVED,STWD_VEHTYPE_AT_FAULT,CHP_VEHTYPE_AT_FAULT,COUNT_SEVERE_INJ,COUNT_VISIBLE_INJ,COUNT_COMPLAINT_PAIN,COUNT_PED_KILLED,COUNT_PED_INJURED,COUNT_BICYCLIST_KILLED,COUNT_BICYCLIST_INJURED,COUNT_MC_KILLED,COUNT_MC_INJURED,PRIMARY_RAMP,SECONDARY_RAMP,LATITUDE,LONGITUDE,COUNTY,CITY,POINT_X,POINT_Y
91558317,2021,2021-08-30,9245,2021-08-22,0050,019252,,7,3,9,0900,0,1,2,,2,110,"US-50 W/B","ARTHUR CT",105.00,W,N,A,-,Y,,,50,,,,,,W,Y,2,0,2,1,A,-,01,23152,A,N,E,I,A,A,H,-,C,D,0,,,,,Y,Y,D,22,1,1,0,0,0,0,0,0,0,"- ","- ",38.659191131591797,-120.98032379150391,"EL DORADO",UNINCORPORATED,-120.98027801513672,38.659072875976562
91616109,2021,2021-11-04,9245,2021-10-31,2005,018601,,7,2,9,0900,0,2,4,,1,021,"MARSHALL RD","PROSPECTORS RD",528.00,N,N,A,-,N,,,,,,,,,,Y,3,0,1,1,A,-,03,22350,,N,E,I,A,A,H,-,D,D,0,,,,,Y,Y,A,01,0,1,0,0,0,0,0,0,0,"- ","- ",38.841869354248047,-120.88282775878906,"EL DORADO",UNINCORPORATED,-120.90069580078125,38.816181182861328
91656432,2021,2021-12-20,9245,2021-12-12,1120,018394,,7,1,9,0900,0,2,4,,1,041,"PLEASANT VALLEY RD","PONDERHILL WAY",10.00,W,N,B,C,N,,,,,,,,,,Y,3,0,1,1,A,-,03,22350,,N,E,I,A,B,H,-,A,D,0,,,,,Y,,A,01,0,1,0,0,0,0,0,0,0,"- ","- ",38.684928894042969,-120.77729034423828,"EL DORADO",UNINCORPORATED,-120.77727508544922,38.684982299804688
9312199,2021,2021-09-08,0901,2021-07-26,1900,341,0901,1,5,2,0901,0,0,0,,0,PP1,"RT 49","COMBELLACK RD",130.00,S,N,A,-,Y,ED,3,49,-,-,16.050,H,-,S,Y,4,0,1,2,A,-,09,21802,A,N,C,C,A,A,H,-,A,D,0,,,,,Y,,A,01,0,0,1,0,0,0,0,0,0,"- ","- ",,,"EL DORADO",PLACERVILLE,-120.81427764892578,38.740047454833984
91403612,2021,2021-02-05,9245,2021-02-03,1610,017040,,3,2,9,0900,0,3,5,,2,001,"RATTLESNAKE BAR RD.","OAK VIEW DR.",4224.00,W,N,A,-,N,,,,,,,,,,Y,4,0,1,1,A,-,08,22107,,N,E,I,A,A,H,-,A,D,0,,,,,Y,,A,01,0,0,1,0,0,0,0,0,0,"- ","- ",38.839210510253906,-121.04091644287109,"EL DORADO",UNINCORPORATED,-121.04080963134766,38.839130401611328
91554408,2021,2021-08-25,9245,2021-08-20,0910,018656,,5,1,9,0900,0,2,4,,1,042,"BUCKS BAR RD","BUCKS BAR CIR",150.00,N,N,F,-,N,,,,,,,,,,Y,4,0,1,1,A,-,03,22350,,N,F,A,A,A,H,-,A,D,0,,,,Y,Y,,F,24,0,0,1,0,0,0,0,0,0,"- ","- ",38.655529022216797,-120.70393371582031,"EL DORADO",UNINCORPORATED,-120.70513916015625,38.654609680175781
81502276,2021,2021-06-22,0902,2021-06-19,1757,228,,6,5,3,0902,0,0,0,,0,,"PIONEER TRL","BLACKWOOD RD",0.00,,Y,A,-,N,,,,,,,,,,Y,4,0,2,2,A,-,03,22350,,N,C,C,A,A,H,-,A,D,0,,,,,Y,,A,01,0,0,2,0,0,0,0,0,0,"- ","- ",38.938388824462891,-119.95387268066406,"EL DORADO","SOUTH LAKE TAHOE",-119.95389556884766,38.938392639160156
81758322,2021,2022-04-28,0902,2021-03-21,1628,182,,7,5,3,0902,0,0,0,,0,EAST,"LAKE TAHOE BLVD","LAKEVIEW AVE",0.00,,Y,A,-,Y,,,,,,,,,,N,3,0,1,2,A,-,03,22350,,N,C,C,A,A,H,-,A,A,0,,,Y,,Y,,C,02,0,1,0,0,0,0,0,0,1,"- ","- ",,,"EL DORADO","SOUTH LAKE TAHOE",-119.97625732421875,38.944179534912109
91388248,2021,2021-01-15,9245,2021-01-07,1445,018782,,4,2,9,0900,0,1,2,,1,160,US-50,"ALDER CREEK ROAD",2640.00,W,N,B,-,Y,,,50,,,,,,,Y,2,0,2,2,A,-,08,22107,,N,E,I,A,A,H,-,A,D,0,,,,,Y,,A,07,1,1,0,0,0,0,0,0,0,"- ","- ",38.763500213623047,-120.33193969726562,"EL DORADO",UNINCORPORATED,-120.33193969726562,38.763500213623047
91409376,2021,2021-02-16,9245,2021-02-09,1040,018756,,2,1,9,0900,0,1,3,,1,122,SR-193,"HAPPY TRAILS LANE",1056.00,N,N,A,-,Y,,,193,,,,,,,Y,3,0,2,1,A,-,08,22107,,N,E,I,A,A,H,-,A,A,0,,,,,Y,,A,01,0,2,0,0,0,0,0,0,0,"- ","- ",38.850570678710938,-120.82582855224609,"EL DORADO",UNINCORPORATED,-120.82577514648438,38.850631713867188
91421676,2021,2021-03-05,9245,2021-03-01,1714,018756,,1,2,9,0900,0,2,4,,1,039,"MOTHER LODE DRIVE","PRODUCTION DRIVE",4.00,W,N,A,-,N,,,,,,,,,,Y,3,0,1,2,A,-,03,22350,,N,C,C,A,A,H,-,A,A,0,,,,,Y,,A,01,0,1,0,0,0,0,0,0,0,"- ","- ",38.675430297851562,-120.88175201416016,"EL DORADO",UNINCORPORATED,-120.88156127929688,38.675430297851562
91489007,2021,2021-06-03,9245,2021-05-29,0419,021379,,6,3,9,0900,0,2,4,,2,031,"LATROBE RD","WHITE ROCK RD",250.00,S,N,A,-,N,,,,,,,,,,N,2,0,1,1,A,-,08,22107,,N,E,I,A,A,H,-,C,D,0,,,,,Y,Y,A,01,1,0,0,0,0,0,0,0,0,"- ","- ",38.645870208740234,-121.06790924072266,"EL DORADO",UNINCORPORATED,-121.06826019287109,38.645965576171875
91549727,2021,2021-08-19,9245,2021-08-13,0830,015419,,5,1,9,0900,0,2,4,,1,039,"MOTHERLODE DR","NORTHSTAR DR",350.00,E,N,A,-,N,,,,,,,,,,N,3,0,1,1,A,-,08,22107,,N,E,I,A,A,H,-,A,D,0,,,,,Y,,A,01,0,1,0,0,0,0,0,0,0,"- ","- ",38.665981292724609,-120.92533874511719,"EL DORADO",UNINCORPORATED,,
91646906,2021,2021-12-08,9245,2021-12-01,0725,017320,,3,1,9,0900,0,2,4,,1,037,"MISSOURI FLAT RD.","US-50 W/B",87.00,N,N,A,-,N,,,,,,,,,,Y,4,0,1,2,A,-,12,21453,A,N,D,C,A,A,H,-,A,A,0,,,,,Y,,A,01,0,0,1,0,0,0,0,0,0,"- ","- ",38.711570739746094,-120.83976745605469,"EL DORADO",UNINCORPORATED,-120.83940887451172,38.711296081542969
91679601,2021,2022-01-18,9245,2021-12-30,1530,019252,,4,2,9,0900,0,2,4,,2,011,"GREEN VALLEY RD","MILLER ROAD",447.00,W,N,A,-,N,,,,,,,,,,Y,2,0,1,1,A,-,08,22107,,N,E,I,A,A,H,-,A,D,0,,,,,Y,,D,22,1,0,0,0,0,0,0,0,0,"- ","- ",38.708831787109375,-121.09369659423828,"EL DORADO",UNINCORPORATED,-121.09355163574219,38.708625793457031
91444308,2021,2021-09-27,9245,2021-04-01,0650,016451,,4,1,9,0900,0,2,4,,1,014,"COLD SPRINGS RD","GOLD HILL RD",402.00,S,N,A,-,N,,,,,,,,,,Y,1,1,0,1,A,-,01,23152,A,N,E,I,A,A,H,-,A,D,0,,,,,Y,Y,A,01,0,0,0,0,0,0,0,0,0,"- ","- ",38.760410308837891,-120.88381958007812,"EL DORADO",UNINCORPORATED,-120.88362121582031,38.760368347167969
91506141,2021,2021-06-25,9245,2021-06-19,0810,018656,,6,1,9,0900,0,1,2,,2,140,US-50,"SIERRA BLANCA DR",0.00,,Y,A,-,Y,,,50,,,,,,,N,3,0,1,2,A,-,09,21801,A,N,B,C,A,A,H,-,A,D,0,,,,,Y,,A,01,0,1,0,0,0,0,0,0,0,"- ","- ",38.737041473388672,-120.7076416015625,"EL DORADO",UNINCORPORATED,-120.7076416015625,38.737049102783203
91448169,2021,2021-04-12,9245,2021-01-17,2108,016328,,7,2,9,0900,0,2,4,,1,037,"MISSOURI FLAT ROAD","OLD DEPOT RD",413.00,S,N,A,-,N,,,,,,,,,,Y,1,1,0,2,A,-,11,21956,,N,G,B,E,A,H,-,D,D,0,Y,,,,Y,Y,N,60,0,0,0,1,0,0,0,0,0,"- ","- ",38.702041625976562,-120.82373809814453,"EL DORADO",UNINCORPORATED,-120.82316589355469,38.701431274414062
91671227,2021,2022-01-05,9245,2021-12-23,0950,015563,,4,1,9,0900,0,1,2,,1,170,US-50,"41 MILE STONE TRACT",475.00,E,N,D,-,Y,,,50,,,,,,,Y,2,0,3,3,A,-,03,22350,,N,G,B,E,C,H,-,A,D,0,Y,,,,Y,,A,07,2,1,0,0,1,0,0,0,0,"- ","- ",38.788871765136719,-120.17936706542969,"EL DORADO",UNINCORPORATED,-120.17935943603516,38.788921356201172
9359649,2021,2021-11-24,0901,2021-10-10,1325,320,0901,7,5,2,0901,0,0,0,,0,,"FAIR LN","PLACERVILLE DR",6.00,W,N,A,-,Y,ED,3,50,-,-,15.943,R,4,W,Y,4,0,3,3,A,-,03,22350,,N,C,C,A,A,H,-,A,A,0,,,,,Y,,A,01,0,0,3,0,0,0,0,0,0,"- ","- ",,,"EL DORADO",PLACERVILLE,-120.83062744140625,38.722393035888672
91468198,2021,2021-05-27,9246,2021-05-06,1310,014478,,4,1,9,0900,0,2,4,,1,025,"LAKE TAHOE BLVD.","INDUSTRIAL AVE",2640.00,W,N,A,-,N,,,,,,,,,,Y,3,0,1,1,A,-,08,22107,,N,F,A,A,A,H,-,A,D,0,,,Y,,Y,,C,02,0,1,0,0,0,0,0,0,1,"- ","- ",38.896198272705078,-120.01873016357422,"EL DORADO",UNINCORPORATED,-120.01309967041016,38.902580261230469
81600903,2021,2021-10-20,0902,2021-10-08,2116,233,,5,5,3,0902,0,0,0,,0,West,"10TH ST","GLORENE AVE",0.00,,Y,A,-,N,,,,,,,,,,N,4,0,2,2,-,-,"- ",,,N,B,C,A,A,H,-,C,A,0,,,,,Y,,-,"- ",0,0,2,0,0,0,0,0,0,"- ","- ",38.916900634765625,-120.01251220703125,"EL DORADO","SOUTH LAKE TAHOE",-120.01245880126953,38.916835784912109
91402035,2021,2021-02-03,9245,2021-01-31,1600,018656,,7,2,9,0900,0,1,2,,2,150,US-50,"RANDALL TRACT BRG",1000.00,E,N,A,-,Y,,,50,,,,,,,N,2,0,1,3,A,-,01,23152,A,N,C,C,A,B,H,-,A,D,0,,,,,Y,Y,D,22,1,0,0,0,0,0,0,0,0,"- ","- ",38.773818969726562,-120.39325714111328,"EL DORADO",UNINCORPORATED,-120.39326477050781,38.773788452148438
91406822,2021,2021-02-11,9245,2021-02-04,1235,016032,,4,1,9,0900,0,1,2,,2,140,"US 50 W/B TO MOSQUITO RD","MOSQUITO RD",310.00,E,N,A,-,Y,,,,,,,,,,Y,2,0,1,2,A,-,03,22350,,N,A,C,A,A,H,-,A,A,0,,,,,Y,,A,01,1,0,0,0,0,0,0,0,0,"- ","- ",38.7318115234375,-120.78913116455078,"EL DORADO",UNINCORPORATED,-120.79007720947266,38.73175048828125
91491314,2021,2021-06-07,9245,2021-05-29,1149,017897,,6,1,9,0900,0,2,4,,2,011,"GREEN VALLEY RD","DYNAMIC WAY",200.00,E,N,A,-,N,,,,,,,,,,Y,3,0,1,1,A,-,08,22107,,N,E,I,A,A,H,-,A,D,0,,,,,Y,,A,01,0,1,0,0,0,0,0,0,0,"- ","- ",38.711769104003906,-120.94258117675781,"EL DORADO",UNINCORPORATED,-120.94253540039062,38.711738586425781
91507946,2021,2021-06-28,9246,2021-06-19,0919,018206,,6,1,9,0900,0,1,2,,1,022,US-50,"CIRUGU ST.",100.00,E,N,A,-,Y,,,50,,,,,,,N,3,0,2,3,A,-,03,22350,,N,C,C,A,A,H,-,A,D,0,,,,,Y,,D,22,0,2,0,0,0,0,0,0,0,"- ","- ",38.849708557128906,-120.02512359619141,"EL DORADO",UNINCORPORATED,-120.02512359619141,38.849720001220703
91494003,2021,2021-06-10,9246,2021-06-01,1535,018674,,2,2,9,0900,0,1,3,,1,023,"STATE ROUTE 89 (LUTHER PASS)","GRASS LAKE ROAD",3168.00,S,N,B,-,Y,,,89,,,,,,,Y,3,0,1,2,A,-,08,22107,,N,B,C,A,A,H,-,A,D,0,,,Y,,Y,,A,07,0,1,0,0,0,0,0,0,1,"- ","- ",38.808090209960938,-120.01113128662109,"EL DORADO",UNINCORPORATED,-120.01108551025391,38.808128356933594
91524572,2021,2021-07-20,9245,2021-07-13,1225,018656,,2,1,9,0900,0,2,4,,1,041,"CEDAR RAVINE RD","TALL TREE LANE",1000.00,S,N,A,-,N,,,,,,,,,,N,3,0,1,1,A,-,03,22350,,N,E,I,A,A,H,-,A,D,0,,,,,Y,,A,01,0,1,0,0,0,0,0,0,0,"- ","- ",38.692630767822266,-120.76032257080078,"EL DORADO",UNINCORPORATED,-120.76011657714844,38.693336486816406
81594715,2021,2021-10-13,0902,2021-09-25,1352,237,,6,5,3,0902,0,0,0,,0,Mid,"LAKE TAHOE BLVD","BROCKWAY AVE",200.00,E,N,A,-,Y,,,,,,,,,,Y,4,0,3,2,A,-,05,21650,,N,D,C,A,A,H,-,A,D,0,,,,,Y,,A,01,0,0,3,0,0,0,0,0,0,"- ","- ",38.927589416503906,-119.98322296142578,"EL DORADO","SOUTH LAKE TAHOE",-119.98256683349609,38.927783966064453
81594740,2021,2021-10-13,0902,2021-10-11,0900,239,,1,5,3,0902,0,0,0,,0,West,"LAKE TAHOE BLVD","WINNEMUCCA AVE",0.00,,Y,D,-,Y,,,,,,,,,,N,4,0,1,2,A,-,09,21804,A,N,D,C,A,C,H,-,A,D,0,,,,,Y,,D,22,0,0,1,0,0,0,0,0,0,"- ","- ",38.919868469238281,-119.99492645263672,"EL DORADO","SOUTH LAKE TAHOE",-119.99467468261719,38.919708251953125
91390124,2021,2021-01-18,9245,2021-01-17,1100,013929,,7,1,9,0900,0,2,4,,2,031,"LATROBE ROAD","RYAN RANCH ROAD",4224.00,S,N,A,-,N,,,,,,,,,,Y,2,0,1,2,A,-,05,21460,A,N,A,C,A,A,H,-,A,D,0,,,Y,,Y,,C,02,1,0,0,0,0,0,0,0,1,"- ","- ",38.593948364257812,-121.01548767089844,"EL DORADO",UNINCORPORATED,-121.01557922363281,38.593997955322266
81514105,2021,2021-07-07,0902,2021-07-03,1119,235,,6,5,3,0902,0,0,0,,0,West,"EMERALD BAY RD","5TH ST",75.00,N,N,A,-,Y,,,,,,,,,,N,4,0,1,2,A,-,08,22107,,N,E,J,A,A,H,-,A,D,0,,,,,Y,,A,07,0,0,1,0,0,0,0,0,0,"- ","- ",38.915401458740234,-120.00701141357422,"EL DORADO","SOUTH LAKE TAHOE",-120.00710296630859,38.915687561035156
91431114,2021,2021-03-19,9245,2021-03-16,1100,016032,,2,1,9,0900,0,1,2,,2,140,"US-50 E/B","CAMINO HEIGHTS DR",0.00,,Y,B,-,Y,,,50,,,,,,E,Y,4,0,1,2,A,-,09,21802,A,N,D,C,A,A,H,-,A,A,0,,,,,Y,,D,22,0,0,1,0,0,0,0,0,0,"- ","- ",38.736881256103516,-120.71090698242188,"EL DORADO",UNINCORPORATED,-120.71090698242188,38.736896514892578
91485779,2021,2021-05-31,9245,2021-05-22,1655,018782,,6,2,9,0900,0,3,5,,2,003,"CAMRBRIDGE ROAD","US-50 E/B CAMBRIDGE RD OFF-RAMP",0.00,,Y,B,-,N,,,,,,,,,,Y,3,0,2,2,A,-,08,22100,B,N,A,C,A,A,H,-,A,D,0,,,,,Y,,D,22,0,1,1,0,0,0,0,0,0,"- ","- ",38.655448913574219,-120.99819183349609,"EL DORADO",UNINCORPORATED,,
91544700,2021,2021-08-13,9245,2021-08-05,1835,015609,,4,2,9,0900,0,2,4,,1,013,"LOTUS RD","OLIVE RIDGE RD",528.00,N,N,A,-,N,,,,,,,,,,Y,2,0,3,2,A,-,01,23152,A,N,A,C,A,A,H,-,A,D,0,,,,,Y,Y,D,22,3,0,0,0,0,0,0,0,0,"- ","- ",38.744808197021484,-120.93402099609375,"EL DORADO",UNINCORPORATED,,
91429089,2021,2021-03-17,9245,2021-03-07,1557,017364,,7,2,9,0900,0,1,2,,2,120,"US-50 E/B","PONDEROSA RD",725.00,E,N,A,-,Y,,,50,,,,,,E,Y,3,0,1,1,A,-,01,23152,F,N,F,A,A,A,H,-,A,D,0,,,,,Y,,A,01,0,1,0,0,0,0,0,0,0,"- ","- ",38.66326904296875,-120.93512725830078,"EL DORADO",UNINCORPORATED,-120.93517303466797,38.663352966308594
91653823,2021,2021-12-16,9245,2021-12-06,1920,017897,,1,2,9,0900,0,1,2,,1,160,US-50,"BULL CREEK RD",8976.00,E,N,C,-,Y,,,50,,,,,,,Y,4,0,1,1,A,-,08,22107,,N,E,I,A,B,H,-,D,D,0,,,,,Y,,A,07,0,0,1,0,0,0,0,0,0,"- ","- ",38.775089263916016,-120.41886901855469,"EL DORADO",UNINCORPORATED,-120.41889190673828,38.775051116943359
91400654,2021,2021-02-02,9245,2021-01-28,1805,015609,,4,2,9,0900,0,1,2,,2,110,"US-50 E/B","SILVA VALLEY PKY",10.00,E,N,B,C,Y,,,50,,,,,,E,Y,3,0,1,3,A,-,01,23152,F,F,B,C,A,B,H,-,C,D,0,,,,,Y,,A,07,0,1,0,0,0,0,0,0,0,"- ","- ",38.657951354980469,-121.05413818359375,"EL DORADO",UNINCORPORATED,-121.05413818359375,38.657932281494141
91519414,2021,2021-08-11,9245,2021-07-07,1315,015609,,3,1,9,0900,0,3,5,,2,001,"COUNTRY CLUB DR","KNOLLWOOD DR",100.00,W,N,A,-,N,,,,,,,,,,N,3,0,1,2,A,-,03,22350,,M,G,B,F,A,H,-,A,D,0,Y,,,,Y,,-,99,0,1,0,0,1,0,0,0,0,"- ","- ",38.661159515380859,-121.00068664550781,"EL DORADO",UNINCORPORATED,-121.00068664550781,38.661186218261719
91638366,2021,2021-11-30,9245,2021-11-22,0235,019793,,1,3,9,0900,0,1,2,,2,120,"W/B US-50 FROM PLACERVILLE DRIVE","PLACERIVILLE DRIVE",775.00,W,N,A,-,Y,,,50,,,,R,,,Y,3,0,1,1,A,-,01,23152,A,N,F,A,A,A,H,-,D,D,0,,,Y,,Y,Y,C,02,0,1,0,0,0,0,0,0,1,"- ","- ",38.720710754394531,-120.83492279052734,"EL DORADO",UNINCORPORATED,-120.83492279052734,38.720710754394531
91485138,2021,2021-05-28,9245,2021-05-23,2020,018782,,7,2,9,0900,0,1,3,,1,135,SR-49,"LONGHRUT RD",1056.00,S,N,A,-,Y,,,49,,,,,,,Y,3,0,1,1,A,-,01,23152,A,N,E,I,A,A,H,-,D,D,0,,,,,Y,Y,A,01,0,1,0,0,0,0,0,0,0,"- ","- ",38.715049743652344,-120.81172943115234,"EL DORADO",UNINCORPORATED,-120.81178283691406,38.715030670166016
81398286,2021,2021-01-29,0902,2021-01-23,1003,193,,6,5,3,0902,0,0,0,,0,,"SKI RUN BLVD","REGINA RD",100.00,N,N,B,D,N,,,,,,,,,,Y,4,0,2,1,A,-,03,22350,,N,E,I,A,C,G,-,A,D,0,,,,,Y,,A,07,0,0,2,0,0,0,0,0,0,"- ","- ",38.936050415039062,-119.94851684570312,"EL DORADO","SOUTH LAKE TAHOE",-119.948486328125,38.936187744140625
91611071,2021,2021-10-29,9245,2021-10-22,0750,015563,,5,1,9,0900,0,1,2,,2,110,"US-50 W/B","BASS LAKE RD",445.00,W,N,C,-,Y,,,50,,,,,,W,Y,4,0,1,2,A,-,03,22350,,N,B,2,A,B,H,-,B,D,0,,,,,Y,,D,22,0,0,1,0,0,0,0,0,0,"- ","- ",38.655441284179688,-121.03131103515625,"EL DORADO",UNINCORPORATED,-121.03131103515625,38.655464172363281
91485850,2021,2021-05-31,9245,2021-05-22,1720,021050,,6,2,9,0900,0,3,5,,2,004,"UNION MINE ROAD","WINDWARD WAY",600.00,S,N,A,-,N,,,,,,,,,,Y,3,0,1,1,A,-,08,22107,,N,E,I,A,A,H,-,A,D,0,,,,,Y,,A,07,0,1,0,0,0,0,0,0,0,"- ","- ",38.669948577880859,-120.83988952636719,"EL DORADO",UNINCORPORATED,-120.84004974365234,38.669998168945312
91497288,2021,2021-06-15,9245,2021-06-09,1300,013929,,3,1,9,0900,0,2,4,,2,012,"SALMON FALLS ROAD","CHATEAU MONTELANA DRIVE",155.00,N,N,B,-,N,,,,,,,,,,Y,3,0,1,1,A,-,08,22107,,N,F,A,A,A,H,-,A,D,0,,,Y,,Y,,C,02,0,1,0,0,0,0,0,0,1,"- ","- ",38.765228271484375,-121.04225158691406,"EL DORADO",UNINCORPORATED,-121.04199981689453,38.765281677246094
91612514,2021,2021-11-01,9245,2021-10-22,2300,016328,,5,3,9,0900,0,2,4,,1,043,"SLY PARK RD","ROLAND CT",200.00,S,N,A,-,N,,,,,,,,,,Y,2,0,1,3,A,-,08,22107,,M,C,E,A,B,H,-,D,A,0,,,,,Y,,A,01,1,0,0,0,0,0,0,0,0,"- ","- ",38.757659912109375,-120.57200622558594,"EL DORADO",UNINCORPORATED,-120.57431030273438,38.756832122802734
91507920,2021,2021-08-27,9245,2021-05-15,0035,018656,,6,3,9,0900,0,2,4,,1,025,"PONY EXPRESS TRAIL","MANZANITA STREET",195.00,E,N,B,-,N,,,,,,,,,,Y,1,1,1,5,A,-,01,23152,A,N,E,I,A,A,H,-,D,D,0,,,,,Y,Y,A,01,1,0,0,0,0,0,0,0,0,"- ","- ",38.759521484375,-120.58888244628906,"EL DORADO",UNINCORPORATED,-120.58914184570312,38.759429931640625
91526500,2021,2021-07-22,9246,2021-07-13,1700,018172,,2,2,9,0900,0,2,4,,1,025,"NORTH UPPER TRUCKEE RD","SAN BERNARDINO AVE",117.00,N,N,A,-,N,,,,,,,,,,Y,4,0,1,1,A,-,08,22107,,N,F,A,A,A,H,-,A,D,0,,,Y,,Y,,C,02,0,0,1,0,0,0,0,0,1,"- ","- ",38.853488922119141,-120.03504180908203,"EL DORADO",UNINCORPORATED,-120.03498840332031,38.853488922119141
91582635,2021,2021-09-29,9245,2021-09-22,1440,017040,,3,2,9,0900,0,2,4,,1,039,"MOTHERLODE DR.","N. STAR DR.",50.00,W,N,A,-,N,,,,,,,,,,Y,4,0,1,2,A,-,03,22350,,N,C,C,A,A,H,-,A,D,0,,,,,Y,,A,01,0,0,1,0,0,0,0,0,0,"- ","- ",38.665599822998047,-120.92658996582031,"EL DORADO",UNINCORPORATED,-120.92671203613281,38.665565490722656
81603302,2021,2021-10-22,0902,2021-10-18,0726,247,,1,5,3,0902,0,0,0,,0,,"LAKE TAHOE BLVD","RUFUS ALLEN BLVD",60.00,W,N,D,-,Y,,,,,,,,,,Y,4,0,2,3,A,-,03,22350,,N,A,C,A,C,H,-,A,D,0,,,,,Y,,D,22,0,0,2,0,0,0,0,0,0,"- ","- ",38.945400238037109,-119.97286987304688,"EL DORADO","SOUTH LAKE TAHOE",-119.97308349609375,38.945362091064453
91501759,2021,2021-06-21,9245,2021-06-12,2130,021493,,6,2,9,0900,0,2,4,,1,039,"MOTHER LODE DR.","FRENCH CREEK RD.",120.00,W,N,A,-,N,,,,,,,,,,Y,3,0,1,1,A,-,01,23152,A,N,E,I,A,A,H,-,C,D,0,,,,,Y,Y,A,01,0,1,0,0,0,0,0,0,0,"- ","- ",38.664531707763672,-120.92962646484375,"EL DORADO",UNINCORPORATED,-120.93009185791016,38.664352416992188
91538110,2021,2021-08-05,9245,2021-07-30,0510,016328,,5,3,9,0900,0,3,5,,2,004,"US 50 W/B","CARSON RD",900.00,W,N,A,-,Y,,,,,,,,,,Y,4,0,1,2,A,-,05,21650,,N,B,C,A,A,D,-,A,D,0,,,,,Y,,A,07,0,0,1,0,0,0,0,0,0,"- ","- ",38.737190246582031,-120.70516204833984,"EL DORADO",UNINCORPORATED,-120.71079254150391,38.737010955810547