CASE_ID,ACCIDENT_YEAR,PROC_DATE,JURIS,COLLISION_DATE,COLLISION_TIME,OFFICER_ID,REPORTING_DISTRICT,DAY_OF_WEEK,CHP_SHIFT,POPULATION,CNTY_CITY_LOC,SPECIAL_COND,BEAT_TYPE,CHP_BEAT_TYPE,CITY_DIVISION_LAPD,CHP_BEAT_CLASS,BEAT_NUMBER,PRIMARY_RD,SECONDARY_RD,DISTANCE,DIRECTION,INTERSECTION,WEATHER_1,WEATHER_2,STATE_HWY_IND,CALTRANS_COUNTY,CALTRANS_DISTRICT,STATE_ROUTE,ROUTE_SUFFIX,POSTMILE_PREFIX,POSTMILE,LOCATION_TYPE,RAMP_INTERSECTION,SIDE_OF_HWY,TOW_AWAY,COLLISION_SEVERITY,NUMBER_KILLED,NUMBER_INJURED,PARTY_COUNT,PRIMARY_COLL_FACTOR,PCF_CODE_OF_VIOL,PCF_VIOL_CATEGORY,PCF_VIOLATION,PCF_VIOL_SUBSECTION,HIT_AND_RUN,TYPE_OF_COLLISION,MVIW,PED_ACTION,ROAD_SURFACE,ROAD_COND_1,ROAD_COND_2,LIGHTING,CONTROL_DEVICE,CHP_ROAD_TYPE,PEDESTRIAN_ACCIDENT,BICYCLE_ACCIDENT,MOTORCYCLE_ACCIDENT,TRUCK_ACCIDENT,NOT_PRIVATE_PROPERTY,ALCOHOL_INVOLVED,STWD_VEHTYPE_AT_FAULT,CHP_VEHTYPE_AT_FAULT,COUNT_SEVERE_INJ,COUNT_VISIBLE_INJ,COUNT_COMPLAINT_PAIN,COUNT_PED_KILLED,COUNT_PED_INJURED,COUNT_BICYCLIST_KILLED,COUNT_BICYCLIST_INJURED,COUNT_MC_KILLED,COUNT_MC_INJURED,PRIMARY_RAMP,SECONDARY_RAMP,LATITUDE,LONGITUDE,COUNTY,CITY,POINT_X,POINT_Y
91396133,2021,2021-01-28,9245,2021-01-23,2305,019793,,6,3,9,0900,0,2,4,,1,015,"CAMERON PARK DR","MIRA LOMA DR",900.00,S,N,A,-,N,,,,,,,,,,Y,3,0,1,1,A,-,08,22107,,N,F,A,A,A,H,-,D,D,0,,,,,Y,,A,01,0,1,0,0,0,0,0,0,0,"- ","- ",38.682579040527344,-120.98397827148438,"EL DORADO",UNINCORPORATED,-120.98402404785156,38.682571411132812
91439732,2021,2021-03-30,9245,2021-03-23,1500,015419,,2,2,9,0900,0,3,5,,2,001,"GRASSY RUN RD","GREENSTONE RD",35.00,W,N,A,-,N,,,,,,,,,,N,3,0,1,2,A,-,08,22107,,N,B,C,A,A,H,-,A,D,0,,,,,Y,,A,07,0,1,0,0,0,0,0,0,0,"- ","- ",38.696601867675781,-120.88818359375,"EL DORADO",UNINCORPORATED,-120.88812255859375,38.696620941162109
91467222,2021,2021-05-06,9245,2021-04-28,2003,015607,,3,2,9,0900,0,3,5,,2,003,"DUROCK RD","PRESLEY LN",11.00,W,N,A,-,N,,,,,,,,,,Y,4,0,1,2,A,-,09,21804,A,N,D,C,A,A,H,-,C,D,0,,,,,Y,,A,01,0,0,1,0,0,0,0,0,0,"- ","- ",38.660598754882812,-120.94170379638672,"EL DORADO",UNINCORPORATED,-120.94197082519531,38.660724639892578
91602252,2021,2021-10-21,9245,2021-10-14,0730,018656,,4,1,9,0900,0,2,4,,1,041,"CEDAR RAVINE RD","RUSTIC ROAD",50.00,E,N,A,-,N,,,,,,,,,,Y,3,0,3,1,A,-,08,22107,,N,E,I,A,A,H,-,A,D,0,,,,,Y,,A,07,0,1,2,0,0,0,0,0,0,"- ","- ",38.689178466796875,-120.75569915771484,"EL DORADO",UNINCORPORATED,-120.75775909423828,38.68914794921875
91650718,2021,2021-12-13,9245,2021-12-05,0050,019793,,7,3,9,0900,0,2,4,,1,014,"COLD SPRINGS RD","CHURCH ST",0.00,,Y,A,-,N,,,,,,,,,,Y,3,0,1,1,A,-,01,23152,A,N,E,I,A,A,H,-,D,D,0,,,,,Y,Y,A,01,0,1,0,0,0,0,0,0,0,"- ","- ",38.796878814697266,-120.88945770263672,"EL DORADO",UNINCORPORATED,-120.88929748535156,38.796913146972656
91385313,2021,2021-01-11,9245,2021-01-09,1630,018656,,6,2,9,0900,0,2,4,,1,042,"MOUNT AUKUM RD","GERRYS DREAM LN",1584.00,S,N,A,-,N,,,,,,,,,,Y,3,0,1,1,A,-,03,22350,,N,E,I,A,A,H,-,A,D,0,,,,,Y,,A,07,0,1,0,0,0,0,0,0,0,"- ","- ",38.663311004638672,-120.66929626464844,"EL DORADO",UNINCORPORATED,-120.66934204101562,38.6632080078125
91424227,2021,2021-03-10,9245,2021-03-04,1825,017040,,4,2,9,0900,0,1,3,,1,122,"SR-193 E/B","CHERRY ACRES RD",3.00,W,N,A,-,Y,,,193,,,,,,E,Y,4,0,2,3,A,-,03,22350,,N,C,C,A,A,H,-,D,D,0,,,,,Y,,A,07,0,0,2,0,0,0,0,0,0,"- ","- ",38.888008117675781,-121.00630950927734,"EL DORADO",UNINCORPORATED,-121.00634002685547,38.888168334960938
91469227,2021,2021-05-27,9245,2021-04-30,1510,013929,,5,2,9,0900,0,1,2,,2,120,"RT 50","MISSOURI FLAT ROAD",120.00,E,N,B,-,Y,,,50,,,,,,,Y,4,0,1,3,A,-,03,22350,,N,C,C,A,A,H,-,A,A,0,,,,,Y,,A,01,0,0,1,0,0,0,0,0,0,"- ","- ",38.712581634521484,-120.83798217773438,"EL DORADO",UNINCORPORATED,-120.83818817138672,38.712692260742188
91648770,2021,2021-12-10,9245,2021-12-02,1420,015609,,4,2,9,0900,0,3,5,,2,002,"PROSPECTOR RD","MARSHALL RD",528.00,N,N,A,-,N,,,,,,,,,,Y,3,0,1,1,A,-,03,22350,,N,F,A,A,A,H,-,A,D,0,,,Y,,Y,,C,02,0,1,0,0,0,0,0,0,1,"- ","- ",38.817939758300781,-120.90286254882812,"EL DORADO",UNINCORPORATED,-120.90158081054688,38.817287445068359
81514103,2021,2021-07-07,0902,2021-06-28,1040,239,,1,5,3,0902,0,0,0,,0,East,"LAKE TAHOE BLVD","TRANSIT WAY",250.00,W,N,A,-,Y,,,,,,,,,,Y,2,0,2,2,A,-,09,21804,A,N,D,C,A,A,H,-,A,D,0,,,,,Y,,A,01,1,0,1,0,0,0,0,0,0,"- ","- ",,,"EL DORADO","SOUTH LAKE TAHOE",-119.94307708740234,38.957672119140625
91433192,2021,2021-03-23,9246,2021-03-16,1810,017757,,2,2,9,0900,0,1,2,,1,020,"US-50 (LINCOLN HWY)","ALPINE AVE.",10.00,W,N,A,-,Y,,,50,,,,,,,Y,3,0,1,2,A,-,03,22350,,N,C,C,A,A,H,-,A,D,0,,,,,Y,,D,22,0,1,0,0,0,0,0,0,0,"- ","- ",38.817920684814453,-120.07787322998047,"EL DORADO",UNINCORPORATED,-120.07791137695312,38.818004608154297
91463547,2021,2021-04-30,9245,2021-04-25,1335,018394,,7,1,9,0900,0,3,5,,2,001,"ERRANTE DR","BORRA CT",115.00,W,N,B,-,N,,,,,,,,,,N,2,0,1,2,A,-,09,21801,A,N,D,G,A,A,H,-,A,D,0,,Y,,,Y,,D,22,1,0,0,0,0,0,1,0,0,"- ","- ",38.695159912109375,-121.06133270263672,"EL DORADO",UNINCORPORATED,-121.06128692626953,38.695121765136719
91551838,2021,2021-08-23,9245,2021-08-14,0138,021379,,6,3,9,0900,0,1,3,,1,122,SR-193,"CEDAR DR",150.00,N,N,A,-,N,,,193,,,,,,,Y,2,0,1,1,A,-,01,23152,A,N,E,I,A,A,H,-,D,D,0,,,,,Y,Y,A,07,1,0,0,0,0,0,0,0,0,"- ","- ",38.896350860595703,-120.83177947998047,"EL DORADO",UNINCORPORATED,-120.83180236816406,38.896331787109375
91455483,2021,2021-04-21,9245,2021-04-15,1530,015609,,4,2,9,0900,0,3,5,,2,001,"GREEN GLEN CT","GREEN GLEN RD",0.00,,Y,A,-,N,,,,,,,,,,N,3,0,1,2,A,-,09,21802,A,N,D,C,A,A,H,-,A,D,0,,Y,,,Y,,L,04,0,1,0,0,0,0,1,0,0,"- ","- ",38.666221618652344,-120.99198150634766,"EL DORADO",UNINCORPORATED,-120.99198150634766,38.666149139404297
91461328,2021,2021-04-29,9245,2021-04-22,1743,015607,,4,2,9,0900,0,3,5,,2,003,"COACH LANE","CAMERON PARK DR",165.00,W,N,A,-,N,,,,,,,,,,Y,4,0,1,2,A,-,09,21804,A,N,D,C,A,A,H,-,A,D,0,,,,,Y,,A,01,0,0,1,0,0,0,0,0,0,"- ","- ",38.658210754394531,-120.96967315673828,"EL DORADO",UNINCORPORATED,-120.96962738037109,38.658119201660156
91444488,2021,2021-04-06,9245,2021-03-25,1505,015419,,4,2,9,0900,0,3,5,,2,003,"WINDFIELD WAY","MAYFAIR LN",550.00,N,N,B,-,N,,,,,,,,,,N,3,0,1,2,A,-,08,22107,,N,C,E,A,A,H,-,A,D,0,,,,Y,Y,,A,07,0,1,0,0,0,0,0,0,0,"- ","- ",38.641830444335938,-121.07074737548828,"EL DORADO",UNINCORPORATED,,
91639468,2021,2021-12-01,9245,2021-11-22,1605,017040,,1,2,9,0900,0,3,5,,2,003,"DUROCK RD.","BUSINESS DR.",528.00,W,N,A,-,N,,,,,,,,,,Y,4,0,2,2,A,-,03,22350,,N,C,C,A,A,H,-,A,D,0,,,,,Y,,D,22,0,0,2,0,0,0,0,0,0,"- ","- ",38.654739379882812,-120.95717620849609,"EL DORADO",UNINCORPORATED,-120.95613861083984,38.655673980712891
91511265,2021,2021-07-01,9245,2021-06-28,2135,019193,,1,2,9,0900,0,3,5,,2,003,"DUROCK RD.","SHINGLE LIME MINE RD.",1056.00,W,N,A,-,N,,,,,,,,,,Y,3,0,1,1,A,-,08,22107,,N,E,I,A,A,H,-,D,D,0,,,,,Y,,A,01,0,1,0,0,0,0,0,0,0,"- ","- ",38.653369903564453,-120.96138000488281,"EL DORADO",UNINCORPORATED,-120.96063995361328,38.653739929199219
91670002,2021,2022-01-04,9245,2021-12-25,1945,019252,,6,2,9,0900,0,1,3,,1,115,SR-49,"QUARRY TRL",1056.00,S,N,C,-,Y,,,49,,,,,,,Y,3,0,2,2,A,-,05,21460,A,N,A,C,A,B,H,-,D,D,0,,,,,Y,,A,07,0,1,1,0,0,0,0,0,0,"- ","- ",38.910099029541016,-121.03420257568359,"EL DORADO",UNINCORPORATED,-121.03418731689453,38.910102844238281
91506125,2021,2021-06-24,9245,2021-06-18,1347,017897,,5,1,9,0900,0,1,2,,2,120,"US-50 E/B","MISSOURI FLAT RD",500.00,E,N,A,-,Y,,,50,,,,,,E,Y,3,0,2,3,A,-,03,22350,,N,C,2,A,A,H,-,A,A,0,,,,,Y,,A,07,0,2,0,0,0,0,0,0,0,"- ","- ",38.712581634521484,-120.83821105957031,"EL DORADO",UNINCORPORATED,-120.83824157714844,38.712596893310547
91535078,2021,2021-08-02,9245,2021-07-23,1850,019252,,5,2,9,0900,0,1,2,,1,170,"E/B US-50","STRAWBERRY LANE",410.00,E,N,A,-,Y,,,50,,,,,,,Y,2,0,1,1,A,-,01,23152,A,N,E,I,A,A,H,-,A,D,0,,,,,Y,Y,A,01,1,0,0,0,0,0,0,0,0,"- ","- ",38.797931671142578,-120.14430236816406,"EL DORADO",UNINCORPORATED,-120.14437866210938,38.798004150390625
91591835,2021,2021-10-08,9245,2021-10-02,2133,020508,,6,2,9,0900,0,1,2,,2,110,"US-50 W/B","SOUTH SHINGLE ROAD",3062.00,W,N,A,-,Y,,,50,,,,,,W,N,3,0,1,2,A,-,03,22350,,N,C,C,A,A,H,-,D,D,0,,,Y,,Y,,A,01,0,1,0,0,0,0,0,0,1,"- ","- ",38.660621643066406,-120.94809722900391,"EL DORADO",UNINCORPORATED,-120.94810485839844,38.660640716552734
9240428,2021,2021-04-19,0901,2021-04-03,1216,307,0901,6,5,2,0901,0,0,0,,0,PP1,"RT 50","SPRING ST",0.00,,Y,A,-,Y,ED,3,50,-,-,17.680,H,-,W,Y,4,0,1,2,A,-,08,22107,,F,C,C,A,A,H,-,A,A,0,,,Y,,Y,,A,07,0,0,1,0,0,0,0,0,1,"- ","- ",,,"EL DORADO",PLACERVILLE,-120.80517578125,38.728252410888672
81508408,2021,2021-06-29,0902,2021-06-23,1445,211,,3,5,3,0902,0,0,0,,0,Mid,"LAKE TAHOE BLVD","LYONS AVE",40.00,W,N,A,-,Y,,,,,,,,,,N,4,0,1,2,A,-,03,22350,,N,C,C,A,A,H,-,A,D,0,,,,Y,Y,,F,26,0,0,1,0,0,0,0,0,0,"- ","- ",38.937999725341797,-119.97736358642578,"EL DORADO","SOUTH LAKE TAHOE",-119.97721862792969,38.937900543212891
91418205,2021,2021-03-01,9245,2021-02-21,1740,018394,,7,2,9,0900,0,1,2,,2,110,"US-50 W/B","PONDEROSA RD",2640.00,W,N,A,-,Y,,,50,,,,,,W,Y,3,0,1,3,A,-,01,23152,A,N,C,C,A,A,H,-,B,D,0,,,,,Y,Y,A,01,0,1,0,0,0,0,0,0,0,"- ","- ",38.660388946533203,-120.94953155517578,"EL DORADO",UNINCORPORATED,-120.94953155517578,38.660381317138672
91463454,2021,2021-04-30,9245,2021-04-23,1325,018656,,5,1,9,0900,0,2,4,,1,041,"CEDAR RAVINE RD","SLUICE BOX RD",70.00,N,N,A,-,N,,,,,,,,,,Y,3,0,3,3,D,-,00,,,N,A,C,A,A,H,-,A,D,0,,,,,Y,,-,"- ",0,1,2,0,0,0,0,0,0,"- ","- ",38.719779968261719,-120.78337097167969,"EL DORADO",UNINCORPORATED,-120.78337860107422,38.719837188720703
91492821,2021,2021-06-09,9245,2021-06-02,1045,013929,,3,1,9,0900,0,2,4,,1,037,"MISSOURI FLAT ROAD","GOLDEN CENTER DRIVE",100.00,N,N,A,-,N,,,,,,,,,,N,4,0,1,2,A,-,03,22350,,N,C,C,A,A,H,-,A,A,0,,,,,Y,,A,07,0,0,1,0,0,0,0,0,0,"- ","- ",38.704811096191406,-120.82837677001953,"EL DORADO",UNINCORPORATED,-120.82796478271484,38.704730987548828
91495317,2021,2021-06-11,9245,2021-06-06,1200,017728,,7,1,9,0900,0,3,5,,2,001,"BASS LAKE RD","US 50 OVERCROSSING",50.00,N,N,A,-,N,,,,,,,,,,N,4,0,1,2,A,-,09,21801,A,N,D,C,A,A,H,-,A,D,0,,,,,Y,,A,07,0,0,1,0,0,0,0,0,0,"- ","- ",38.655799865722656,-121.02970123291016,"EL DORADO",UNINCORPORATED,-121.02979278564453,38.6553955078125
91518411,2021,2021-07-12,9245,2021-07-03,0145,021415,,6,3,9,0900,0,3,5,,2,004,"GRIZZLY FLAT RD","ROOSTER LN",25.00,E,N,A,-,N,,,,,,,,,,Y,3,0,1,1,A,-,08,22107,,N,F,A,A,A,H,-,D,D,0,,,,,Y,,A,01,0,1,0,0,0,0,0,0,0,"- ","- ",38.647781372070312,-120.67843627929688,"EL DORADO",UNINCORPORATED,-120.67239379882812,38.647468566894531
91593554,2021,2021-10-11,9245,2021-10-04,1915,018782,,1,2,9,0900,0,1,2,,2,140,US-50,"MOSQUITO RD",225.00,E,N,A,-,Y,,,,,,,,,,Y,3,0,1,1,A,-,01,23152,A,N,E,I,A,A,H,-,D,D,0,,,,,Y,Y,A,01,0,1,0,0,0,0,0,0,0,"- ","- ",38.731548309326172,-120.78936004638672,"EL DORADO",UNINCORPORATED,-120.79007720947266,38.731658935546875
91672252,2021,2022-01-06,9245,2021-12-24,2300,018656,,5,3,9,0900,0,1,2,,2,150,US-50,"ICE HOUSE RD",4656.00,W,N,C,-,N,,,50,,,,,,,Y,3,0,2,2,C,-,18,,,N,E,A,A,B,H,-,D,D,0,,,,Y,Y,,-,"- ",0,2,0,0,0,0,0,0,0,"- ","- ",38.774478912353516,-120.46016693115234,"EL DORADO",UNINCORPORATED,-120.46012878417969,38.774490356445312
81556599,2021,2021-08-27,0902,2021-08-20,1913,228,,5,5,3,0902,0,0,0,,0,,"LAKE TAHOE BLVD","FAIRWAY AVE",482.00,E,N,F,-,Y,,,,,,,,,,N,4,0,1,3,A,-,03,22350,,N,C,C,A,A,H,-,A,A,0,,,,,Y,,A,01,0,0,1,0,0,0,0,0,0,"- ","- ",38.946140289306641,-119.96452331542969,"EL DORADO","SOUTH LAKE TAHOE",-119.96292877197266,38.946586608886719
91464468,2021,2021-05-27,9245,2021-05-01,2350,021415,,6,3,9,0900,0,2,4,,1,039,"MOTHER LODE RD","BUCKEYE RD",0.00,,Y,A,-,N,,,,,,,,,,Y,3,0,2,2,A,-,05,21460,A,N,D,C,A,A,H,-,D,D,0,,,,,Y,,D,22,0,1,1,0,0,0,0,0,0,"- ","- ",38.668128967285156,-120.90625762939453,"EL DORADO",UNINCORPORATED,-120.90650939941406,38.668060302734375
91389675,2021,2021-01-18,9245,2021-01-14,2500,013929,,4,4,9,0900,0,1,3,,1,122,"STATE ROUTE 193","TEXAS CANYON ROAD",1056.00,S,N,A,-,Y,,,193,,,,,,,Y,2,0,1,1,A,-,08,22107,,N,E,I,A,A,H,-,A,D,0,,,,,Y,,D,22,1,0,0,0,0,0,0,0,0,"- ","- ",38.78076171875,-120.81961059570312,"EL DORADO",UNINCORPORATED,-120.819580078125,38.780750274658203
91620810,2021,2021-11-09,9245,2021-11-03,1005,017728,,3,1,9,0900,0,1,2,,2,140,"US  5O W/B","PARKWAY DR",200.00,W,N,A,-,Y,,,,,,,,,,N,4,0,1,1,A,-,08,22107,,N,B,I,A,A,H,-,A,D,0,,,,,Y,,D,22,0,0,1,0,0,0,0,0,0,"- ","- ",38.735401153564453,-120.74410247802734,"EL DORADO",UNINCORPORATED,,
91657924,2021,2021-12-21,9245,2021-12-14,2215,018656,,2,3,9,0900,0,1,2,,2,140,"US-50 E/B","SNOWS RD",500.00,E,N,B,-,Y,,,50,,,,,,E,N,4,0,1,1,C,-,18,,,N,E,I,A,C,H,-,D,D,0,,,,,Y,,-,"- ",0,0,1,0,0,0,0,0,0,"- ","- ",38.734481811523438,-120.67440032958984,"EL DORADO",UNINCORPORATED,-120.67440032958984,38.734443664550781
91508990,2021,2021-06-29,9245,2021-06-20,1224,017897,,7,1,9,0900,0,3,5,,2,002,"WENTWORTH SPRINGS RD",SLEIGHBELL,441.00,W,N,A,-,N,,,,,,,,,,Y,2,0,1,1,A,-,03,22350,,N,E,I,A,A,H,-,A,D,0,,,Y,,Y,,C,02,1,0,0,0,0,0,0,0,1,"- ","- ",38.943229675292969,-120.71978759765625,"EL DORADO",UNINCORPORATED,-120.72058868408203,38.943096160888672
91543726,2021,2022-03-28,9245,2021-08-07,1645,018782,,6,2,9,0900,0,1,3,,1,135,SR-49,"LONGHRUT RD",550.00,S,N,A,-,Y,,,49,,,,,,,N,4,0,1,1,A,-,03,22350,,N,E,I,A,A,H,-,A,D,0,,,,,Y,,A,01,0,0,1,0,0,0,0,0,0,"- ","- ",38.714958190917969,-120.81182098388672,"EL DORADO",UNINCORPORATED,-120.81175994873047,38.714973449707031
91448745,2021,2021-04-12,9245,2021-04-06,1640,018756,,2,2,9,0900,0,3,5,,2,004,"FORT JIM ROAD","JIM VALLEY ROAD",800.00,N,N,A,-,N,,,,,,,,,,Y,3,0,2,1,C,-,18,,,N,E,H,A,A,H,-,A,A,0,,,Y,,Y,,-,"- ",0,2,0,0,0,0,0,0,2,"- ","- ",38.7105712890625,-120.71347045898438,"EL DORADO",UNINCORPORATED,-120.71343994140625,38.710548400878906
91511088,2021,2021-07-01,9245,2021-06-27,0450,019793,,7,3,9,0900,0,1,2,,1,170,"US-50 W/B","39 MILE STONE",6336.00,E,N,A,-,Y,,,50,,,,,,W,Y,3,0,1,1,A,-,08,22107,,N,E,I,A,A,H,-,D,D,0,,,,,Y,,A,01,0,1,0,0,0,0,0,0,0,"- ","- ",38.789680480957031,-120.18456268310547,"EL DORADO",UNINCORPORATED,-120.18455505371094,38.789722442626953
91549650,2021,2021-08-19,9245,2021-08-16,1240,013929,,1,1,9,0900,0,3,5,,2,002,"SIERRA SPRINGS DRIVE","DEL WEISS WAY",528.00,E,N,F,-,N,,,,,,,,,,Y,4,0,1,1,A,-,03,22350,,N,E,I,A,A,H,-,A,D,0,,,,,Y,,A,07,0,0,1,0,0,0,0,0,0,"- ","- ",38.714149475097656,-120.61988067626953,"EL DORADO",UNINCORPORATED,,
9256507,2021,2023-06-21,0901,2021-04-23,2031,318,PPD,5,5,2,0901,0,0,0,,0,PP2,"BROADWAY DR","AIRPORT RD",454.00,W,N,A,-,N,,,,,,,,,,N,1,1,0,2,A,-,03,22350,,F,G,B,D,A,H,-,C,D,0,Y,,,,Y,,A,01,0,0,0,1,0,0,0,0,0,"- ","- ",,,"EL DORADO",PLACERVILLE,-120.76612091064453,38.729877471923828
9295929,2021,2021-08-09,0901,2021-07-02,1310,320,0901,5,5,2,0901,0,0,0,,0,PP1,"RT 50","SPRING ST",0.00,,Y,A,-,Y,ED,3,49,-,-,14.891,I,5,N,Y,3,0,3,3,A,-,12,21453,A,N,D,C,F,A,H,-,A,A,0,Y,,,,Y,Y,A,07,0,2,1,0,1,0,0,0,0,"- ","- ",,,"EL DORADO",PLACERVILLE,-120.80538940429688,38.728141784667969
91590637,2021,2021-10-07,9245,2021-09-27,2236,018756,,1,3,9,0900,0,3,5,,2,003,"WHITE ROCK ROAD","POST STREET",0.00,,Y,B,C,N,,,,,,,,,,N,3,0,1,1,A,-,03,22350,,N,E,I,A,B,H,-,C,A,0,,,,,Y,,A,07,0,1,0,0,0,0,0,0,0,"- ","- ",38.647308349609375,-121.06639862060547,"EL DORADO",UNINCORPORATED,-121.06648254394531,38.647403717041016
91557397,2021,2021-12-03,9245,2021-08-24,1550,015419,,2,2,9,0900,0,2,4,,1,014,"COLD SPRINGS RD","KUMBYA RD",227.00,N,N,A,-,N,,,,,,,,,,Y,3,0,1,2,A,-,05,21460,A,N,B,C,A,A,H,-,A,D,0,,,,,Y,,A,07,0,1,0,0,0,0,0,0,0,"- ","- ",38.740558624267578,-120.85507965087891,"EL DORADO",UNINCORPORATED,-120.85533905029297,38.740577697753906
91650605,2021,2021-12-13,9245,2021-12-04,1020,017728,,6,1,9,0900,0,2,4,,1,013,"NORTH SHINGLE ROAD","LANDES LANE",0.00,,Y,A,-,N,,,,,,,,,,N,4,0,1,2,A,-,09,21804,A,N,D,C,A,A,H,-,A,D,0,,,,,Y,,D,22,0,0,1,0,0,0,0,0,0,"- ","- ",38.682498931884766,-120.92910003662109,"EL DORADO",UNINCORPORATED,-120.92900848388672,38.683601379394531
81533226,2021,2021-07-30,0902,2021-07-21,2355,240,,3,5,3,0902,0,0,0,,0,East,"KELLER RD","SADDLE RD (N)",0.00,,Y,A,-,N,,,,,,,,,,N,3,0,1,2,A,-,10,21950,A,F,G,B,D,A,H,-,D,A,0,Y,,,Y,Y,Y,F,26,0,1,0,0,1,0,0,0,0,"- ","- ",38.943260192871094,-119.93495178222656,"EL DORADO","SOUTH LAKE TAHOE",-119.93860626220703,38.937961578369141
91514903,2021,2021-07-07,9245,2021-06-28,0935,017320,,1,1,9,0900,0,1,3,,1,115,"SR-49 N/B","DRIVEWAY TO 6400 SR-49",9.00,N,N,A,-,Y,,,49,,,,,,N,Y,4,0,2,1,A,-,08,22107,,N,E,I,A,A,H,-,A,D,0,,,,,Y,,A,01,0,0,2,0,0,0,0,0,0,"- ","- ",38.822620391845703,-120.93541717529297,"EL DORADO",UNINCORPORATED,-120.93536376953125,38.822677612304688
91543841,2021,2021-08-12,9245,2021-08-08,1825,018601,,7,2,9,0900,0,1,2,,2,140,"US-50 W/B","5 MILE RD.",1056.00,W,N,A,-,Y,,,50,,,,,,W,Y,3,0,1,1,A,-,03,22350,,N,E,I,A,A,D,-,A,D,0,,,,,Y,,A,01,0,1,0,0,0,0,0,0,0,"- ","- ",38.738201141357422,-120.72100830078125,"EL DORADO",UNINCORPORATED,-120.72100067138672,38.738235473632812
91574660,2021,2021-09-20,9245,2021-09-13,1330,015419,,1,1,9,0900,0,2,4,,1,021,"MARSHALL RD","SCOTT RD",2185.00,E,N,A,-,N,,,,,,,,,,N,3,0,1,1,C,-,18,,,N,E,I,A,A,B,-,A,D,0,,,Y,,Y,,-,"- ",0,1,0,0,0,0,0,0,1,"- ","- ",38.819919586181641,-120.80956268310547,"EL DORADO",UNINCORPORATED,-120.89747619628906,38.817409515380859
91606763,2021,2021-10-26,9245,2021-10-20,0715,018656,,3,1,9,0900,0,3,5,,2,003,"CHINA GARDEN RD","MISSOURI FLAT RD",200.00,E,N,B,-,N,,,,,,,,,,N,2,0,1,2,A,-,09,21801,A,N,B,C,A,A,H,-,B,D,0,,,Y,,Y,,A,07,1,0,0,0,0,0,0,0,1,"- ","- ",38.700309753417969,-120.82193756103516,"EL DORADO",UNINCORPORATED,-120.822021484375,38.700340270996094
81475125,2021,2021-05-18,0902,2021-05-14,1030,241,,5,5,3,0902,0,0,0,,0,West,"LAKE TAHOE BLVD","TRUCKEE DR",450.00,E,N,A,-,Y,,,,,,,,,,N,4,0,1,2,A,-,08,22107,,N,B,G,A,A,H,-,A,D,0,,Y,,,Y,,A,01,0,0,1,0,0,0,1,0,0,"- ","- ",38.920169830322266,-119.99439239501953,"EL DORADO","SOUTH LAKE TAHOE",-119.99300384521484,38.92083740234375
91453539,2021,2021-04-19,9245,2021-04-11,2110,019193,,7,2,9,0900,0,2,4,,1,013,"LOTUS RD","RODAN LN",125.00,S,N,A,-,N,,,,,,,,,,Y,2,0,1,2,A,-,08,22107,,N,A,C,A,A,H,-,D,D,0,,,,,Y,Y,A,01,1,0,0,0,0,0,0,0,0,"- ","- ",38.789810180664062,-120.91343688964844,"EL DORADO",UNINCORPORATED,-120.91337585449219,38.789516448974609