CASE_ID,ACCIDENT_YEAR,PROC_DATE,JURIS,COLLISION_DATE,COLLISION_TIME,OFFICER_ID,REPORTING_DISTRICT,DAY_OF_WEEK,CHP_SHIFT,POPULATION,CNTY_CITY_LOC,SPECIAL_COND,BEAT_TYPE,CHP_BEAT_TYPE,CITY_DIVISION_LAPD,CHP_BEAT_CLASS,BEAT_NUMBER,PRIMARY_RD,SECONDARY_RD,DISTANCE,DIRECTION,INTERSECTION,WEATHER_1,WEATHER_2,STATE_HWY_IND,CALTRANS_COUNTY,CALTRANS_DISTRICT,STATE_ROUTE,ROUTE_SUFFIX,POSTMILE_PREFIX,POSTMILE,LOCATION_TYPE,RAMP_INTERSECTION,SIDE_OF_HWY,TOW_AWAY,COLLISION_SEVERITY,NUMBER_KILLED,NUMBER_INJURED,PARTY_COUNT,PRIMARY_COLL_FACTOR,PCF_CODE_OF_VIOL,PCF_VIOL_CATEGORY,PCF_VIOLATION,PCF_VIOL_SUBSECTION,HIT_AND_RUN,TYPE_OF_COLLISION,MVIW,PED_ACTION,ROAD_SURFACE,ROAD_COND_1,ROAD_COND_2,LIGHTING,CONTROL_DEVICE,CHP_ROAD_TYPE,PEDESTRIAN_ACCIDENT,BICYCLE_ACCIDENT,MOTORCYCLE_ACCIDENT,TRUCK_ACCIDENT,NOT_PRIVATE_PROPERTY,ALCOHOL_INVOLVED,STWD_VEHTYPE_AT_FAULT,CHP_VEHTYPE_AT_FAULT,COUNT_SEVERE_INJ,COUNT_VISIBLE_INJ,COUNT_COMPLAINT_PAIN,COUNT_PED_KILLED,COUNT_PED_INJURED,COUNT_BICYCLIST_KILLED,COUNT_BICYCLIST_INJURED,COUNT_MC_KILLED,COUNT_MC_INJURED,PRIMARY_RAMP,SECONDARY_RAMP,LATITUDE,LONGITUDE,COUNTY,CITY,POINT_X,POINT_Y
91580301,2021,2021-09-27,9245,2021-09-16,1445,019252,,4,2,9,0900,0,2,4,,1,025,"PONY EXPRESS TRL","FERN AVE",100.00,E,N,A,-,N,,,,,,,,,,Y,4,0,1,1,A,-,08,22107,,N,E,I,A,A,H,-,A,D,0,,,,,Y,,A,07,0,0,1,0,0,0,0,0,0,"- ","- ",38.744289398193359,-120.63516235351562,"EL DORADO",UNINCORPORATED,-120.63521575927734,38.744308471679688
81464788,2021,2021-05-04,0902,2021-04-29,1535,235,,4,5,3,0902,0,0,0,,0,West,"EMERALD BAY RD","D ST",150.00,S,N,-,-,Y,,,,,,,,,,Y,3,0,2,2,A,-,01,23152,A,N,C,C,A,A,H,-,A,D,0,,,,,Y,Y,A,01,0,2,0,0,0,0,0,0,0,"- ","- ",38.90740966796875,-120.00099182128906,"EL DORADO","SOUTH LAKE TAHOE",-120.00078582763672,38.906970977783203
91433165,2021,2021-03-23,9245,2021-03-21,0710,017897,,7,1,9,0900,0,2,4,,2,031,"LATROBE RD","SUN RIDGE MEADOW RD",4752.00,S,N,A,-,N,,,,,,,,,,Y,3,0,1,1,A,-,08,22107,,N,E,I,A,A,H,-,A,A,0,,,,,Y,,A,01,0,1,0,0,0,0,0,0,0,"- ","- ",38.575820922851562,-120.99781799316406,"EL DORADO",UNINCORPORATED,-120.9989013671875,38.57708740234375
91418221,2021,2021-03-01,9245,2021-02-21,2220,018782,,7,3,9,0900,0,1,3,,1,115,SR-49,"JEEP TRL",1700.00,N,N,A,-,Y,,,49,,,,,,,Y,4,0,1,1,A,-,08,22107,,N,E,I,A,A,H,-,D,D,0,,,,,Y,,A,01,0,0,1,0,0,0,0,0,0,"- ","- ",38.907371520996094,-121.01531219482422,"EL DORADO",UNINCORPORATED,-121.01535034179688,38.907314300537109
91630377,2021,2021-11-19,9245,2021-11-11,1100,018656,,4,1,9,0900,0,2,4,,1,025,"PONY EXPRESS TRL","BLAIR RD",200.00,W,N,A,-,N,,,,,,,,,,N,4,0,1,2,A,-,08,22107,,N,B,G,A,A,H,-,A,D,0,,Y,,,Y,,L,04,0,0,1,0,0,0,1,0,0,"- ","- ",38.752639770507812,-120.60598754882812,"EL DORADO",UNINCORPORATED,-120.60549163818359,38.752834320068359
91635618,2021,2021-11-26,9246,2021-11-15,2125,017757,,1,2,9,0900,0,3,5,,2,200,"TOMAHAWK LANE","MOJAVE ST.",187.00,E,N,A,-,N,,,,,,,,,,Y,3,0,1,2,A,-,01,23152,A,M,C,E,A,A,H,-,C,D,0,,,,,Y,Y,A,01,0,1,0,0,0,0,0,0,0,"- ","- ",38.860191345214844,-120.01605987548828,"EL DORADO",UNINCORPORATED,-120.01604461669922,38.860164642333984
9213102,2021,2021-02-08,0901,2021-01-03,1030,340,0901,7,5,2,0901,0,0,0,,0,PP1,"MAIN ST","PACIFIC ST",0.00,,Y,A,-,Y,ED,3,49,-,-,14.165,I,5,N,Y,4,0,1,2,A,-,12,21453,A,N,D,C,A,A,H,-,A,A,0,,,,,Y,,A,01,0,0,1,0,0,0,0,0,0,"- ","- ",,,"EL DORADO",PLACERVILLE,-120.80827331542969,38.724933624267578
91419328,2021,2021-03-02,9245,2021-02-27,1637,017364,,6,2,9,0900,0,1,2,,1,160,US-50,"30 MILE STONE TRACT",0.00,,N,A,-,Y,,,50,,,,,,,Y,3,0,1,1,A,-,01,23152,A,N,E,I,A,A,H,-,A,D,0,,,,,Y,Y,A,07,0,1,0,0,0,0,0,0,0,"- ","- ",38.764461517333984,-120.335693359375,"EL DORADO",UNINCORPORATED,-120.33567810058594,38.764568328857422
91439525,2021,2021-03-30,9245,2021-03-22,1029,017897,,1,1,9,0900,0,1,2,,1,170,US-50,"40 MILE STONE",1056.00,W,N,A,-,Y,,,50,,,,,,,Y,3,0,1,1,A,-,08,22107,,N,E,I,A,A,H,-,A,D,0,,,,,Y,,A,07,0,1,0,0,0,0,0,0,0,"- ","- ",38.789478302001953,-120.18196105957031,"EL DORADO",UNINCORPORATED,-120.18196105957031,38.789482116699219
91521112,2021,2021-07-15,9245,2021-07-09,0907,017897,,5,1,9,0900,0,2,4,,2,012,"SALMON FALLS RD","GREEN VALLEY RD",0.00,,Y,A,-,N,,,,,,,,,,Y,3,0,3,2,A,-,12,21453,A,N,D,C,A,A,H,-,A,A,0,,,,,Y,,A,01,0,1,2,0,0,0,0,0,0,"- ","- ",38.7098388671875,-121.07843780517578,"EL DORADO",UNINCORPORATED,-121.07859039306641,38.710098266601562
91576849,2021,2021-09-22,9245,2021-09-17,2205,016328,,5,3,9,0900,0,2,S,,2,005,"MAJESTIC VIEW RD","MEADOW VIEW ACRES RD",100.00,W,N,A,-,N,,,,,,,,,,Y,4,0,1,1,A,-,01,23152,A,N,F,A,A,A,H,-,D,D,0,,,,,Y,Y,D,22,0,0,1,0,0,0,0,0,0,"- ","- ",38.865879058837891,-121.01058197021484,"EL DORADO",UNINCORPORATED,-121.01053619384766,38.865875244140625
91654423,2021,2021-12-16,9245,2021-12-08,1255,017320,,3,1,9,0900,0,3,5,,2,003,"MISSOURI FLAT RD.","HALYARD LANE",0.00,,Y,B,-,N,,,,,,,,,,Y,3,0,2,2,A,-,06,21755,A,N,D,C,A,A,H,-,A,D,0,,,,Y,Y,,A,01,0,1,1,0,0,0,0,0,0,"- ","- ",38.702808380126953,-120.82499694824219,"EL DORADO",UNINCORPORATED,-120.82498931884766,38.702808380126953
81465746,2021,2021-05-05,0902,2021-05-02,1414,239,,7,5,3,0902,0,0,0,,0,Mid,"LAKE TAHOE BLVD","AL TAHOE BLVD",40.00,W,N,A,-,Y,,,,,,,,,,N,4,0,1,3,A,-,03,22350,,N,C,C,A,A,H,-,A,A,0,,,,,Y,,A,01,0,0,1,0,0,0,0,0,0,"- ","- ",38.934440612792969,-119.97772216796875,"EL DORADO","SOUTH LAKE TAHOE",-119.97777557373047,38.934215545654297
91439724,2021,2021-03-30,9245,2021-03-23,1800,015419,,2,2,9,0900,0,1,3,,1,122,"RT 193","LOU ALLEN LN",1600.00,W,N,A,-,Y,,,193,,,,,,,N,3,0,1,1,A,-,08,22107,,N,E,I,A,A,H,-,A,D,0,,,,,Y,,A,01,0,1,0,0,0,0,0,0,0,"- ","- ",38.904239654541016,-120.93356323242188,"EL DORADO",UNINCORPORATED,-120.93341827392578,38.904220581054688
91455554,2021,2021-04-21,9245,2021-04-17,2055,019252,,6,2,9,0900,0,1,2,,2,120,"US-50 W/B","GREENSTONE RD",2739.00,E,N,A,-,Y,,,50,,,,,,W,Y,2,0,1,2,A,-,01,23152,A,N,B,C,A,A,H,-,D,D,0,,,Y,,Y,Y,C,02,1,0,0,0,0,0,0,0,1,"- ","- ",38.697330474853516,-120.87843322753906,"EL DORADO",UNINCORPORATED,-120.87841796875,38.697299957275391
91465643,2021,2021-05-04,9245,2021-04-27,1335,015607,,2,1,9,0900,0,3,5,,2,003,"DUROCK RD","SHINGLE LIME MINE ROAD",33.00,W,N,A,-,N,,,,,,,,,,N,3,0,1,2,A,-,09,21804,A,N,C,C,A,A,H,-,A,D,0,,,Y,,Y,,A,01,0,1,0,0,0,0,0,0,1,"- ","- ",,,"EL DORADO",UNINCORPORATED,-120.95745086669922,38.655029296875
91512035,2021,2021-07-02,9245,2021-06-27,1120,018656,,7,1,9,0900,0,2,S,,2,005,"MORMON EMIGRANT TRL","SILVER FORK RD",2640.00,E,N,A,-,N,,,,,,,,,,N,3,0,1,1,A,-,03,22350,,N,F,A,A,A,H,-,A,D,0,,,Y,,Y,,C,02,0,1,0,0,0,0,0,0,1,"- ","- ",38.652530670166016,-120.24974060058594,"EL DORADO",UNINCORPORATED,-120.24977111816406,38.652503967285156
91538894,2021,2021-08-06,9245,2021-08-02,1410,018601,,1,2,9,0900,0,1,3,,1,115,SR-49,"COLD SPRINGS RD.",1056.00,S,N,A,-,Y,,,49,,,,,,,Y,2,0,1,1,A,-,03,22350,,N,F,A,A,A,H,-,A,D,0,,,Y,,Y,,C,02,1,0,0,0,0,0,0,0,1,"- ","- ",38.795310974121094,-120.88551330566406,"EL DORADO",UNINCORPORATED,-120.88548278808594,38.795185089111328
91417042,2021,2021-02-26,9245,2021-02-18,0922,015563,,4,1,9,0900,0,2,4,,1,039,"MOTHER LODE DRIVE","BUCKEYE ROAD (WEST)",75.00,W,N,B,-,N,,,,,,,,,,Y,4,0,2,3,A,-,03,22350,,N,C,C,A,A,H,-,A,D,0,,,,Y,Y,,F,26,0,0,2,0,0,0,0,0,0,"- ","- ",38.667449951171875,-120.91854095458984,"EL DORADO",UNINCORPORATED,-120.90676879882812,38.668045043945312
91470593,2021,2021-05-27,9245,2021-05-03,1040,016451,,1,1,9,0900,0,1,3,,1,115,"RT 49","BAKER ROAD",0.00,,Y,A,-,Y,,,49,,,,,,,Y,3,0,1,2,A,-,09,21802,A,N,D,C,A,A,H,-,A,A,0,,,,,Y,,A,01,0,1,0,0,0,0,0,0,0,"- ","- ",38.741798400878906,-120.81693267822266,"EL DORADO",UNINCORPORATED,-120.81691741943359,38.741813659667969
91569130,2021,2021-09-13,9245,2021-09-10,0135,021050,,5,3,9,0900,0,1,2,,2,110,US-50,"LATROBE RD",2798.00,W,N,B,-,Y,,,50,,,,,,,Y,3,0,2,2,A,-,03,22350,,N,C,C,A,B,D,-,C,D,0,,,,,Y,,A,01,0,1,1,0,0,0,0,0,0,"- ","- ",38.649810791015625,-121.07987213134766,"EL DORADO",UNINCORPORATED,-121.07984161376953,38.649723052978516
91393884,2021,2021-01-25,9245,2021-01-21,1215,013929,,4,1,9,0900,0,2,4,,2,011,"EL DORADO ROAD","US 50 EASTBOUND OFF-RAMP",0.00,,Y,A,-,Y,,,,,,,,,,Y,4,0,1,2,A,-,09,21802,A,N,D,C,A,A,H,-,A,A,0,,,,,Y,,D,22,0,0,1,0,0,0,0,0,0,"- ","- ",38.704158782958984,-120.85617065429688,"EL DORADO",UNINCORPORATED,,
91400115,2021,2021-02-01,9245,2021-01-27,1818,017364,,3,2,9,0900,0,2,4,,1,013,"PONDEROSA RD","US50 W/B OFF RAMP",0.00,,N,C,G,N,,,,,,,,,,Y,3,0,1,2,A,-,01,23152,A,N,C,C,A,B,H,-,C,A,0,,,,,Y,Y,A,01,0,1,0,0,0,0,0,0,0,"- ","- ",38.663040161132812,-120.93779754638672,"EL DORADO",UNINCORPORATED,,
91455515,2021,2021-04-21,9245,2021-04-16,1215,018656,,5,1,9,0900,0,2,4,,1,043,"SLY PARK RD","MIDWAY AVE",200.00,N,N,A,-,N,,,,,,,,,,Y,3,0,1,2,A,-,01,23152,F,N,D,C,A,A,H,-,A,D,0,,,,,Y,,A,01,0,1,0,0,0,0,0,0,0,"- ","- ",38.759090423583984,-120.56748199462891,"EL DORADO",UNINCORPORATED,-120.56543731689453,38.759464263916016
91568965,2021,2021-09-13,9245,2021-09-08,1050,015419,,3,1,9,0900,0,2,4,,1,032,"S. SHINGLE RD","DUROCK RD",220.00,S,N,A,-,N,,,,,,,,,,N,3,0,2,2,A,-,09,21801,A,N,D,C,A,A,H,-,A,D,0,,,,,Y,,A,01,0,2,0,0,0,0,0,0,0,"- ","- ",38.660438537597656,-120.93654632568359,"EL DORADO",UNINCORPORATED,-120.93656921386719,38.660453796386719
81533224,2021,2021-07-30,0902,2021-07-06,1853,244,,2,5,3,0902,0,0,0,,0,East,"HEAVENLY VILLAGE WAY","BELLAMY CT",135.00,W,N,A,-,N,,,,,,,,,,N,3,0,1,2,A,-,00,23103,B,F,G,B,F,A,H,-,A,A,0,Y,,,,Y,,A,01,0,1,0,0,1,0,0,0,0,"- ","- ",38.954929351806641,-119.94149780273438,"EL DORADO","SOUTH LAKE TAHOE",-119.94226837158203,38.955249786376953
81758340,2021,2022-04-28,0902,2021-12-30,1552,234,,4,5,3,0902,0,0,0,,0,MID,"LAKE TAHOE BLVD","CARSON AVE",200.00,E,N,B,-,Y,,,,,,,,,,Y,3,0,1,1,A,-,08,22107,,N,F,A,A,C,B,-,A,D,0,,,,,Y,,A,01,0,1,0,0,0,0,0,0,0,"- ","- ",38.927101135253906,-119.98381042480469,"EL DORADO","SOUTH LAKE TAHOE",-119.98355865478516,38.926982879638672
91447437,2021,2021-04-09,9245,2021-04-05,0040,020072,,1,3,9,0900,0,2,4,,1,015,"CAMERON PARK DR","EL DORADO ROYALE DR",500.00,N,N,A,-,N,,,,,,,,,,Y,3,0,1,1,A,-,01,23152,A,N,F,I,A,A,H,-,D,D,0,,,,,Y,Y,A,01,0,1,0,0,0,0,0,0,0,"- ","- ",38.672138214111328,-120.97895050048828,"EL DORADO",UNINCORPORATED,-120.97862243652344,38.671901702880859
91473969,2021,2021-05-27,9245,2021-05-06,2020,015419,,4,2,9,0900,0,3,5,,2,003,"STROLLING HILLS RD","COACH LN",23.00,S,N,A,-,N,,,,,,,,,,N,3,0,1,2,A,-,09,21804,A,N,A,C,A,A,H,-,D,D,0,,,,,Y,,A,07,0,1,0,0,0,0,0,0,0,"- ","- ",38.658290863037109,-120.97191619873047,"EL DORADO",UNINCORPORATED,-120.97193908691406,38.658065795898438
91631940,2021,2021-11-22,9245,2021-11-15,1407,017897,,1,2,9,0900,0,2,4,,2,031,"LATROBE RD","CLUBVIEW DR",30.00,S,N,A,-,N,,,,,,,,,,Y,4,0,1,2,A,-,03,22350,,N,C,C,A,A,H,-,A,A,0,,,,,Y,,D,22,0,0,1,0,0,0,0,0,0,"- ","- ",38.627681732177734,-121.05854797363281,"EL DORADO",UNINCORPORATED,-121.05841827392578,38.627628326416016
91565484,2021,2021-09-08,9245,2021-09-02,2000,021050,,4,2,9,0900,0,3,5,,2,001,"COUNTRY CLUB DR","CAMBRIDGE RD",260.00,W,N,A,-,N,,,,,,,,,,Y,2,0,1,4,A,-,08,22107,,M,A,E,A,A,H,-,D,D,0,,,,,Y,,A,01,1,0,0,0,0,0,0,0,0,"- ","- ",38.660770416259766,-120.99667358398438,"EL DORADO",UNINCORPORATED,-120.99661254882812,38.660816192626953
91586122,2021,2021-10-01,9245,2021-09-23,1755,015609,,4,2,9,0900,0,1,2,,2,120,"E/B US 50","MISSOURI FLAT RD",135.00,W,N,A,-,Y,,,,,,,,,,Y,3,0,4,7,A,-,01,23152,A,N,C,C,A,A,H,-,A,A,0,,,,,Y,,A,07,0,4,0,0,0,0,0,0,0,"- ","- ",38.710521697998047,-120.83894348144531,"EL DORADO",UNINCORPORATED,-120.83839416503906,38.71234130859375
81594726,2021,2021-10-13,0902,2021-10-02,1500,239,,6,5,3,0902,0,0,0,,0,Mid,"LAKE TAHOE BLVD","AL TAHOE BLVD",600.00,E,N,A,-,Y,,,,,,,,,,N,3,0,1,2,A,-,08,22107,,N,D,C,A,A,H,-,A,D,0,,,Y,,Y,,A,01,0,1,0,0,0,0,0,0,1,"- ","- ",38.934440612792969,-119.97772216796875,"EL DORADO","SOUTH LAKE TAHOE",-119.97735595703125,38.935939788818359
91487901,2021,2021-06-02,9245,2021-05-29,0050,018656,,6,3,9,0900,0,1,3,,1,122,SR-193,"BARNETT LN",1000.00,E,N,A,-,Y,,,193,,,,,,,Y,4,0,1,1,A,-,03,22350,,N,E,I,A,A,H,-,D,D,0,,,,,Y,,D,22,0,0,1,0,0,0,0,0,0,"- ","- ",38.74066162109375,-120.8131103515625,"EL DORADO",UNINCORPORATED,-120.81314849853516,38.740638732910156
91606595,2021,2021-10-26,9245,2021-10-17,1320,018782,,7,1,9,0900,0,3,5,,2,003,"PATTERSON DR",SR-49,205.00,S,N,B,-,N,,,,,,,,,,N,3,0,1,2,A,-,09,21802,A,N,D,C,A,A,H,-,A,D,0,,,Y,,Y,,A,07,0,1,0,0,0,0,0,0,1,"- ","- ",38.819801330566406,-121.02760314941406,"EL DORADO",UNINCORPORATED,-120.83112335205078,38.688472747802734
91432490,2021,2021-03-22,9245,2021-02-07,0145,018782,,7,3,9,0900,0,2,4,,1,042,"MOUNT AUKUM RD","GERRYS DREAM LN",314.00,N,N,A,-,N,,,,,,,,,,Y,1,1,0,1,A,-,01,23152,A,N,E,I,A,A,H,-,D,D,0,,,,,Y,Y,D,22,0,0,0,0,0,0,0,0,0,"- ","- ",38.667350769042969,-120.66953277587891,"EL DORADO",UNINCORPORATED,-120.66975402832031,38.668262481689453
9315431,2021,2021-09-14,0901,2021-07-31,2101,336,0901,6,5,2,0901,0,0,0,,0,PP2,"LANE DR","LANE WY",63.00,W,N,A,-,N,,,,,,,,,,Y,2,0,1,1,A,-,01,23152,A,N,E,I,A,A,H,-,D,D,0,,,,,Y,Y,A,01,1,0,0,0,0,0,0,0,0,"- ","- ",,,"EL DORADO",PLACERVILLE,-120.77679443359375,38.730869293212891
91554181,2021,2021-08-25,9245,2021-07-27,1544,015607,,2,2,9,0900,0,1,2,,1,170,"US-50 E/B","36 MILESTONE TRACT",1056.00,W,N,A,-,Y,,,50,,,,,,E,N,2,0,1,2,A,-,07,21658,A,N,B,C,A,A,H,-,A,D,0,,,Y,,Y,,D,22,1,0,0,0,0,0,0,0,1,"- ","- ",38.780788421630859,-120.24845123291016,"EL DORADO",UNINCORPORATED,-120.24844360351562,38.780853271484375
91460674,2021,2021-04-28,9245,2021-04-22,0850,018656,,4,1,9,0900,0,3,5,,2,004,"STRING CANYON RD","EAGLE HILL RD",150.00,S,N,A,-,N,,,,,,,,,,Y,4,0,1,1,A,-,03,22350,,N,F,A,A,A,H,-,A,D,0,,,,,Y,,D,22,0,0,1,0,0,0,0,0,0,"- ","- ",38.647609710693359,-120.54344940185547,"EL DORADO",UNINCORPORATED,-120.5421142578125,38.647258758544922
91432148,2021,2021-03-22,9245,2021-03-18,0100,021493,,4,3,9,0900,0,2,4,,1,041,"PLEASANT VALLEY RD","HANKS EXCHANGE RD",60.00,W,N,A,-,N,,,,,,,,,,Y,4,0,1,2,A,-,01,23153,A,N,B,C,A,A,H,-,D,D,0,,,,,Y,Y,A,01,0,0,1,0,0,0,0,0,0,"- ","- ",38.675968170166016,-120.25237274169922,"EL DORADO",UNINCORPORATED,-120.75248718261719,38.675914764404297
91475822,2021,2021-05-27,9245,2021-05-08,1550,018394,,6,2,9,0900,0,2,4,,2,012,"EL DORADO HILLS BLVD","OLSON LN",0.00,,Y,A,-,N,,,,,,,,,,Y,3,0,2,2,A,-,09,21453,C,N,D,C,A,A,H,-,A,A,0,,,,,Y,,A,01,0,2,0,0,0,0,0,0,0,"- ","- ",38.675399780273438,-121.07804107666016,"EL DORADO",UNINCORPORATED,-121.07785034179688,38.675422668457031
91503954,2021,2021-06-30,9245,2021-04-15,2125,016328,,4,2,9,0900,0,1,2,,1,160,"US 50 (EL DORADO FREEWAY)","ICE HOUSE ROAD",2112.00,E,N,A,-,Y,,,,,,,,,,Y,1,1,1,2,A,-,01,23152,A,N,A,C,A,A,H,-,D,D,0,,,,Y,Y,,A,07,0,0,1,0,0,0,0,0,0,"- ","- ",38.769020080566406,-120.43910217285156,"EL DORADO",UNINCORPORATED,-120.44046783447266,38.768699645996094
91669632,2021,2022-01-04,9246,2021-12-31,0700,014471,,5,1,9,0900,0,1,3,,1,023,SR-89,"BIG MEADOW TRAIL",528.00,S,N,A,-,Y,,,89,,,,,,,Y,4,0,1,1,A,-,03,22350,,N,E,J,A,C,H,-,A,D,0,,,,,Y,,A,07,0,0,1,0,0,0,0,0,0,"- ","- ",38.796749114990234,-119.98374176025391,"EL DORADO",UNINCORPORATED,-119.98374176025391,38.796768188476562
9271390,2021,2021-06-17,0901,2021-05-04,1855,320,0901,2,5,2,0901,0,0,0,,0,PP2,"MAIN ST","LOCUST AV",0.00,,Y,A,-,Y,ED,3,50,-,-,38.850,H,-,E,N,3,0,1,1,A,-,03,22350,,N,H,A,A,A,H,-,A,D,0,,,Y,,Y,,C,02,0,1,0,0,0,0,0,0,1,"- ","- ",,,"EL DORADO",PLACERVILLE,-120.46041870117188,38.774955749511719
91493276,2021,2021-06-09,9245,2021-06-02,1820,015419,,3,2,9,0900,0,2,4,,2,011,"MISSOURI FLAT RD","HALYARD RD",50.00,N,N,A,-,N,,,,,,,,,,N,4,0,1,2,A,-,03,22350,,N,C,C,A,A,H,-,A,D,0,,,,,Y,,A,08,0,0,1,0,0,0,0,0,0,"- ","- ",38.702899932861328,-120.82523345947266,"EL DORADO",UNINCORPORATED,-120.82512664794922,38.702892303466797
91650296,2021,2021-12-13,9245,2021-12-01,2241,021379,,3,3,9,0900,0,1,2,,2,120,"US-50 W/B","PONDEROSA RD",600.00,E,N,A,-,Y,,,50,,,,,,W,N,3,0,1,2,A,-,00,21960,A,N,G,B,E,A,H,-,D,D,0,Y,,,,Y,,N,60,0,1,0,0,1,0,0,0,0,"- ","- ",38.663928985595703,-120.93473052978516,"EL DORADO",UNINCORPORATED,-120.93470001220703,38.663871765136719
81544028,2021,2021-08-13,0902,2021-08-11,0910,241,,3,5,3,0902,0,0,0,,0,West,"ROGER AVE","13TH ST",3.00,N,N,A,-,N,,,,,,,,,,Y,3,0,2,1,A,-,08,22107,,N,E,I,A,A,H,-,A,D,0,,,,,Y,,A,07,0,1,1,0,0,0,0,0,0,"- ","- ",38.919940948486328,-120.01747894287109,"EL DORADO","SOUTH LAKE TAHOE",-120.01747131347656,38.920070648193359
91490726,2021,2021-06-07,9246,2021-06-02,2220,018674,,3,3,9,0900,0,2,4,,1,024,"PIONEER TR","SOUTHERN PINES RD",98.00,N,N,A,-,N,,,,,,,,,,N,3,0,1,1,A,-,17,21200,,N,F,A,A,A,H,-,D,D,0,,Y,,,Y,Y,L,04,0,1,0,0,0,0,1,0,0,"- ","- ",38.861831665039062,-120.00739288330078,"EL DORADO",UNINCORPORATED,-120.00748443603516,38.861789703369141
91524981,2021,2021-07-21,9246,2021-07-19,0510,018206,,1,3,9,0900,0,1,3,,1,013,"SR-88 (CARSON PASS HWY)","CRYSTAL SPRINGS RD.",1584.00,E,N,B,-,Y,,,,,,,,,,Y,3,0,1,1,A,-,08,22107,,N,F,I,A,A,H,-,D,D,0,,,,,Y,,A,01,0,1,0,0,0,0,0,0,0,"- ","- ",38.770339965820312,-119.83493804931641,"EL DORADO",UNINCORPORATED,-119.84375762939453,38.767967224121094
91618695,2021,2021-11-08,9246,2021-10-31,0635,017834,,7,1,9,0900,0,1,2,,1,020,"US-50 (LINCOLN HWY)","PYRAMID CREEK RD.",158.00,E,N,A,-,Y,,,50,,,,,,,Y,4,0,1,1,A,-,01,23152,A,N,E,I,A,A,H,-,B,D,0,,,,,Y,Y,A,01,0,0,1,0,0,0,0,0,0,"- ","- ",38.808349609375,-120.12194061279297,"EL DORADO",UNINCORPORATED,-120.12195587158203,38.808372497558594
91623297,2021,2021-11-12,9245,2021-11-04,0240,016328,,4,3,9,0900,0,1,2,,2,140,"US 50 E/B","POINT VIEW DR",1000.00,E,N,B,-,Y,,,,,,,,,,Y,4,0,1,1,A,-,08,22107,,N,E,J,A,A,H,-,D,D,0,,,,,Y,,A,01,0,0,1,0,0,0,0,0,0,"- ","- ",38.731540679931641,-120.74677276611328,"EL DORADO",UNINCORPORATED,-120.75723266601562,38.732070922851562
91650514,2021,2021-12-13,9245,2021-12-05,1220,018601,,7,1,9,0900,0,2,S,,2,005,"WENTWORTH SPRINGS RD","ICE HOUSE RD.",5280.00,W,N,A,-,N,,,,,,,,,,N,3,0,1,1,C,-,18,,,N,F,A,A,C,H,-,A,D,0,,,Y,,Y,,-,"- ",0,1,0,0,0,0,0,0,1,"- ","- ",38.941001892089844,-120.42095947265625,"EL DORADO",UNINCORPORATED,-120.3834228515625,38.966453552246094
91582039,2021,2021-09-28,9245,2021-09-21,2140,016328,,2,2,9,0900,0,1,3,,1,122,SR-193,"PENOBSCOT RD",2640.00,E,N,A,-,Y,,,193,,,,,,,N,3,0,1,1,A,-,01,23152,A,N,F,A,A,A,H,-,D,D,0,,,,,Y,Y,A,01,0,1,0,0,0,0,0,0,0,"- ","- ",38.904518127441406,-120.93340301513672,"EL DORADO",UNINCORPORATED,-120.93338012695312,38.904518127441406