CASE_ID,ACCIDENT_YEAR,PROC_DATE,JURIS,COLLISION_DATE,COLLISION_TIME,OFFICER_ID,REPORTING_DISTRICT,DAY_OF_WEEK,CHP_SHIFT,POPULATION,CNTY_CITY_LOC,SPECIAL_COND,BEAT_TYPE,CHP_BEAT_TYPE,CITY_DIVISION_LAPD,CHP_BEAT_CLASS,BEAT_NUMBER,PRIMARY_RD,SECONDARY_RD,DISTANCE,DIRECTION,INTERSECTION,WEATHER_1,WEATHER_2,STATE_HWY_IND,CALTRANS_COUNTY,CALTRANS_DISTRICT,STATE_ROUTE,ROUTE_SUFFIX,POSTMILE_PREFIX,POSTMILE,LOCATION_TYPE,RAMP_INTERSECTION,SIDE_OF_HWY,TOW_AWAY,COLLISION_SEVERITY,NUMBER_KILLED,NUMBER_INJURED,PARTY_COUNT,PRIMARY_COLL_FACTOR,PCF_CODE_OF_VIOL,PCF_VIOL_CATEGORY,PCF_VIOLATION,PCF_VIOL_SUBSECTION,HIT_AND_RUN,TYPE_OF_COLLISION,MVIW,PED_ACTION,ROAD_SURFACE,ROAD_COND_1,ROAD_COND_2,LIGHTING,CONTROL_DEVICE,CHP_ROAD_TYPE,PEDESTRIAN_ACCIDENT,BICYCLE_ACCIDENT,MOTORCYCLE_ACCIDENT,TRUCK_ACCIDENT,NOT_PRIVATE_PROPERTY,ALCOHOL_INVOLVED,STWD_VEHTYPE_AT_FAULT,CHP_VEHTYPE_AT_FAULT,COUNT_SEVERE_INJ,COUNT_VISIBLE_INJ,COUNT_COMPLAINT_PAIN,COUNT_PED_KILLED,COUNT_PED_INJURED,COUNT_BICYCLIST_KILLED,COUNT_BICYCLIST_INJURED,COUNT_MC_KILLED,COUNT_MC_INJURED,PRIMARY_RAMP,SECONDARY_RAMP,LATITUDE,LONGITUDE,COUNTY,CITY,POINT_X,POINT_Y
91425486,2021,2021-03-11,9245,2021-03-07,1720,019252,,7,2,9,0900,0,3,5,,2,001,"CAMBRIDGE RD","OSBORNE RD",0.00,,Y,A,-,N,,,,,,,,,,N,4,0,2,2,D,-,00,,,N,B,C,A,A,H,-,B,A,0,,,,,Y,,-,"- ",0,0,2,0,0,0,0,0,0,"- ","- ",38.663528442382812,-120.99211120605469,"EL DORADO",UNINCORPORATED,-120.99207305908203,38.663539886474609
91426342,2021,2021-03-12,9245,2021-03-06,1220,017320,,6,1,9,0900,0,2,4,,2,012,"EL DORADO HILLS BLVD","OLSON LN",0.00,,Y,A,-,N,,,,,,,,,,Y,4,0,1,2,A,-,09,21453,C,N,D,C,A,A,H,-,A,A,0,,,,,Y,,A,01,0,0,1,0,0,0,0,0,0,"- ","- ",38.37548828125,-121.077880859375,"EL DORADO",UNINCORPORATED,-121.07785034179688,38.675422668457031
91429142,2021,2021-03-17,9245,2021-03-13,1733,021379,,6,2,9,0900,0,3,5,,2,004,"MEYERS RD","BRADEN RD",300.00,E,N,A,-,N,,,,,,,,,,Y,4,0,1,1,C,-,18,,,N,E,I,A,A,H,-,B,D,0,,,,,Y,,-,"- ",0,0,1,0,0,0,0,0,0,"- ","- ",38.742900848388672,-120.65702819824219,"EL DORADO",UNINCORPORATED,-120.65711212158203,38.742992401123047
91429590,2021,2021-03-17,9245,2021-03-15,1845,018394,,1,2,9,0900,0,1,2,,2,140,"US-50 W/B","SCHNELL SCHOOL RD",1584.00,E,N,B,-,Y,,,,,,,,,,Y,3,0,1,1,A,-,03,22350,,N,E,I,A,B,H,-,A,D,0,,,,,Y,,A,07,0,1,0,0,0,0,0,0,0,"- ","- ",38.732631683349609,-120.76957702636719,"EL DORADO",UNINCORPORATED,-120.77769470214844,38.733562469482422
91430394,2021,2021-03-18,9245,2021-03-15,1400,015419,,1,2,9,0900,0,1,3,,1,135,"SR 49/DIAMOND RD","FINCH RD",462.00,S,N,C,-,Y,,,49,,,,,,,Y,3,0,1,1,A,-,03,22350,,N,E,I,A,B,H,-,A,D,0,,,,,Y,,D,22,0,1,0,0,0,0,0,0,0,"- ","- ",38.704761505126953,-120.81275939941406,"EL DORADO",UNINCORPORATED,-120.81266021728516,38.704738616943359
91431316,2021,2021-03-19,9245,2021-03-18,2345,020072,,4,3,9,0900,0,1,2,,2,110,"US-50 E/B","BASS LAKE RD",2640.00,E,N,C,-,Y,,,50,,,,,,E,Y,4,0,1,1,A,-,03,22350,,N,E,I,A,B,H,-,D,D,0,,,,,Y,,A,01,0,0,1,0,0,0,0,0,0,"- ","- ",38.654838562011719,-121.01618957519531,"EL DORADO",UNINCORPORATED,-121.01618957519531,38.655033111572266
91431983,2021,2021-04-02,9245,2021-03-13,1135,018756,,6,1,9,0900,0,1,2,,1,170,US-50,"WRIGHTS LAKE ROAD",2640.00,E,N,A,-,Y,,,50,,,,,,,Y,4,0,1,2,A,-,08,22107,,M,E,I,A,A,H,-,A,A,0,,,,,Y,,A,07,0,0,1,0,0,0,0,0,0,"- ","- ",38.786628723144531,-120.20819854736328,"EL DORADO",UNINCORPORATED,-120.20819091796875,38.786605834960938
91432594,2021,2021-03-22,9245,2021-03-19,1848,021379,,5,2,9,0900,0,1,2,,2,140,"US-50 W/B","SMITH FLAT RD",1056.00,E,N,C,-,Y,,,,,,,,,,Y,4,0,1,1,A,-,08,22107,,N,E,I,A,B,H,-,A,D,0,,,,,Y,Y,A,01,0,0,1,0,0,0,0,0,0,"- ","- ",38.731300354003906,-120.76799774169922,"EL DORADO",UNINCORPORATED,-120.77108764648438,38.733505249023438
91433052,2021,2021-03-23,9245,2021-03-18,0805,017320,,4,1,9,0900,0,2,4,,1,043,"SLY PARK RD","ROCKY RD",190.00,E,N,B,-,N,,,,,,,,,,Y,4,0,1,1,A,-,08,22107,,N,E,I,A,B,H,-,A,D,0,,,,,Y,,A,07,0,0,1,0,0,0,0,0,0,"- ","- ",38.759471893310547,-120.5654296875,"EL DORADO",UNINCORPORATED,-120.56481170654297,38.759574890136719
91433459,2021,2021-03-23,9245,2021-03-18,0750,015609,,4,1,9,0900,0,3,5,,2,001,"PLACITAS DR","COUNTRY CLUB DR",0.00,,Y,B,-,N,,,,,,,,,,Y,3,0,1,2,A,-,09,21802,A,N,D,C,A,B,H,-,A,A,0,,,,,Y,,A,01,0,1,0,0,0,0,0,0,0,"- ","- ",38.660709381103516,-121.00495147705078,"EL DORADO",UNINCORPORATED,-121.00498962402344,38.660743713378906
91438579,2021,2021-03-29,9245,2021-03-20,1331,021379,,6,1,9,0900,0,3,5,,2,004,"CARSON RD","BOEGER WINERY RD",500.00,E,N,A,-,N,,,,,,,,,,Y,3,0,1,1,A,-,01,23152,A,N,E,I,A,A,H,-,A,D,0,,,,,Y,Y,A,07,0,1,0,0,0,0,0,0,0,"- ","- ",38.742950439453125,-120.76985931396484,"EL DORADO",UNINCORPORATED,-120.77492523193359,38.741722106933594
91438650,2021,2021-07-09,9245,2021-03-21,1750,018394,,7,2,9,0900,0,2,4,,2,031,"LATROBE RD","LATROBE CREEK RD",1056.00,S,N,A,-,N,,,,,,,,,,Y,1,1,0,1,A,-,03,22350,,N,F,I,A,A,H,-,A,D,0,,,Y,,Y,,C,02,0,0,0,0,0,0,0,1,0,"- ","- ",38.594631195068359,-121.01718902587891,"EL DORADO",UNINCORPORATED,-121.06875610351562,38.649040222167969
91440122,2021,2021-03-31,9245,2021-03-26,1620,017364,,5,2,9,0900,0,1,2,,1,160,US-50,"WHITEHALL BLUFFS RD",1320.00,W,N,B,-,Y,,,50,,,,,,,Y,3,0,1,1,A,-,08,22107,,N,E,I,A,A,H,-,A,D,0,,,,,Y,,A,07,0,1,0,0,0,0,0,0,0,"- ","- ",38.775680541992188,-120.40921020507812,"EL DORADO",UNINCORPORATED,-120.40920257568359,38.775638580322266
91442210,2021,2021-04-02,9245,2021-03-29,1210,015609,,1,1,9,0900,0,3,5,,2,002,"WENTWORTH SPRINGS RD","HANSEN HOLLOW RD",60.00,W,N,A,-,N,,,,,,,,,,N,2,0,1,2,A,-,03,22350,,N,C,G,A,A,H,-,A,D,0,,Y,,,Y,,D,22,1,0,0,0,0,0,1,0,0,"- ","- ",38.911628723144531,-120.82244873046875,"EL DORADO",UNINCORPORATED,-120.82225799560547,38.911602020263672
91445947,2021,2021-04-08,9246,2021-04-06,1324,014471,,2,1,9,0900,0,2,4,,1,025,"LAKE TAHOE BLVD","SAWMILL RD",4224.00,E,N,A,-,N,,,,,,,,,,Y,2,0,1,1,A,-,01,23152,A,N,E,I,A,A,H,-,A,D,0,,,,,Y,Y,A,07,1,0,0,0,0,0,0,0,0,"- ","- ",38.896869659423828,-120.01792907714844,"EL DORADO",UNINCORPORATED,-120.01747131347656,38.897113800048828
91448494,2021,2021-04-12,9245,2021-04-06,1922,015607,,2,2,9,0900,0,2,4,,1,037,"MISSOURI FLAT ROAD","HALYARD LN",0.00,,Y,A,-,N,,,,,,,,,,Y,3,0,1,2,A,-,09,21804,A,N,D,C,A,A,H,-,B,D,0,,,Y,,Y,,A,01,0,1,0,0,0,0,0,0,1,"- ","- ",38.702701568603516,-120.82489776611328,"EL DORADO",UNINCORPORATED,-120.82498931884766,38.702808380126953
91448729,2021,2021-04-12,9245,2021-04-03,1825,018756,,6,2,9,0900,0,1,3,,1,122,SR-193,"SPANISH FLAT ROAD",200.00,S,N,A,-,Y,,,193,,,,,,,Y,3,0,1,1,A,-,03,22350,,N,E,I,A,A,H,-,A,A,0,,,,,Y,,A,07,0,1,0,0,0,0,0,0,0,"- ","- ",38.812870025634766,-120.82170867919922,"EL DORADO",UNINCORPORATED,-120.82187652587891,38.812732696533203
91449427,2021,2021-04-13,9245,2021-04-07,0648,016451,,3,1,9,0900,0,1,3,,1,115,"SR-49 S/B","BACCHI RD",70.00,N,N,A,-,Y,,,49,,,,,,S,N,2,0,1,2,A,-,08,22107,,N,G,B,E,A,H,-,A,D,0,Y,,,,Y,,A,01,1,0,0,0,1,0,0,0,0,"- ","- ",38.81964111328125,-120.93028259277344,"EL DORADO",UNINCORPORATED,-120.93025970458984,38.819675445556641
91451325,2021,2021-04-15,9245,2021-04-11,1305,018601,,7,1,9,0900,0,2,4,,1,037,"MISSOURI FLAT RD","US-50 W/B TO MISSOURI FLAT RD.",0.00,,Y,A,-,Y,,,50,,,,,,,Y,4,0,1,2,A,-,12,21453,A,N,D,C,A,A,H,-,A,A,0,,,,,Y,,D,22,0,0,1,0,0,0,0,0,0,"- ","- ",38.711559295654297,-120.83940124511719,"EL DORADO",UNINCORPORATED,-120.83934783935547,38.711517333984375
91452335,2021,2021-04-16,9245,2021-04-11,0200,021493,,7,3,9,0900,0,1,2,,2,110,"US-50 E/B","BASS LAKE RD",5280.00,E,N,A,-,Y,,,50,,,,,,E,Y,4,0,1,1,A,-,01,23152,A,N,F,I,A,A,H,-,D,D,0,,,,,Y,Y,A,01,0,0,1,0,0,0,0,0,0,"- ","- ",38.655029296875,-121.01280975341797,"EL DORADO",UNINCORPORATED,-121.01282501220703,38.655200958251953
91454148,2021,2021-04-20,9245,2021-04-14,0725,017728,,3,1,9,0900,0,2,4,,1,013,"LOTUS RD","SPRINGVALE RD",1056.00,N,N,A,-,N,,,,,,,,,,Y,4,0,1,1,A,-,08,22107,,N,F,A,A,A,H,-,A,D,0,,,,,Y,,A,01,0,0,1,0,0,0,0,0,0,"- ","- ",38.751701354980469,-120.93319702148438,"EL DORADO",UNINCORPORATED,-120.93316650390625,38.751548767089844
91455278,2021,2021-04-21,9245,2021-04-14,1915,019252,,3,2,9,0900,0,3,5,,2,004,"UNION MINE RD","RATTLER RIDGE RD",132.00,N,N,A,-,N,,,,,,,,,,Y,3,0,1,1,A,-,08,22107,,N,F,A,A,A,H,-,A,D,0,,,Y,,Y,,C,02,0,1,0,0,0,0,0,0,1,"- ","- ",38.651088714599609,-120.83321380615234,"EL DORADO",UNINCORPORATED,-120.83509826660156,38.642780303955078
91456147,2021,2021-04-22,9245,2021-04-17,1215,017897,,6,1,9,0900,0,2,4,,1,037,"PLEASANT VALLEY RD","ORIENTAL ST",15.00,W,N,A,-,Y,,,,,,,,,,Y,2,0,1,2,A,-,01,23152,A,N,C,C,A,A,H,-,A,D,0,,,,,Y,Y,A,01,1,0,0,0,0,0,0,0,0,"- ","- ",38.682571411132812,-120.849609375,"EL DORADO",UNINCORPORATED,-120.84954071044922,38.682662963867188
91456154,2021,2021-04-22,9245,2021-04-18,1755,018756,,7,2,9,0900,0,1,3,,1,115,SR-49,"RIVERWOOD DRIVE",2640.00,N,N,A,-,N,,,,,,,,,,Y,3,0,1,1,A,-,08,22107,,N,F,A,A,A,H,-,A,A,0,,,,,Y,,A,01,0,1,0,0,0,0,0,0,0,"- ","- ",38.780399322509766,-120.81198120117188,"EL DORADO",UNINCORPORATED,-120.87269592285156,38.780937194824219
91457230,2021,2021-04-23,9245,2021-04-20,1600,015609,,2,2,9,0900,0,2,4,,1,015,"CAMERON PARK DR","OXFORD RD",70.00,N,N,A,-,N,,,,,,,,,,Y,4,0,4,2,A,-,03,22350,,N,C,C,A,A,H,-,A,A,0,,,,,Y,,D,22,0,0,4,0,0,0,0,0,0,"- ","- ",38.677410125732422,-120.98094940185547,"EL DORADO",UNINCORPORATED,-120.98086547851562,38.677413940429688
91459657,2021,2021-05-12,9245,2021-02-27,2238,021493,,6,3,2,0901,0,1,2,,2,120,"US-50 W/B","PLACERVILLE DR",646.00,W,N,A,-,Y,,,50,,,,,,W,Y,1,2,0,1,A,-,01,23152,A,N,E,I,A,A,H,-,D,D,0,,,,,Y,Y,D,22,0,0,0,0,0,0,0,0,0,"- ","- ",38.720161437988281,-120.83535766601562,"EL DORADO",PLACERVILLE,-120.83519744873047,38.720050811767578
91460770,2021,2021-05-27,9245,2021-04-21,1103,017897,,3,1,9,0900,0,2,4,,1,025,"PONY EXPRESS TRL","GILMORE RD",0.00,,Y,A,-,N,,,,,,,,,,Y,4,0,2,3,A,-,09,21801,A,N,D,C,A,A,H,-,A,A,0,,,,,Y,,A,01,0,0,2,0,0,0,0,0,0,"- ","- ",38.751300811767578,-120.60851287841797,"EL DORADO",UNINCORPORATED,-120.60858917236328,38.751274108886719
91461727,2021,2021-04-29,9245,2021-04-23,0950,018656,,5,1,9,0900,0,2,4,,1,042,"FAIRPLAY RD","MOUNT AUKUM RD",0.00,,Y,A,-,N,,,,,,,,,,Y,4,0,1,1,A,-,12,22450,A,N,E,I,A,A,H,-,A,A,0,,,,,Y,,A,01,0,0,1,0,0,0,0,0,0,"- ","- ",38.610111236572266,-120.7034912109375,"EL DORADO",UNINCORPORATED,-120.70348358154297,38.610061645507812
91464606,2021,2021-05-03,9245,2021-04-26,1540,018756,,1,2,9,0900,0,2,4,,1,043,"SLY PARK ROAD","JENKINSON CIR",30.00,N,N,A,-,N,,,,,,,,,,N,3,0,1,3,A,-,03,22350,,N,C,C,A,A,H,-,A,A,0,,,,,Y,,D,22,0,1,0,0,0,0,0,0,0,"- ","- ",38.727691650390625,-120.56987762451172,"EL DORADO",UNINCORPORATED,-120.57160949707031,38.734195709228516
91465580,2021,2021-05-20,9245,2021-04-23,1820,015419,,5,2,9,0900,0,2,4,,1,032,"S. SHINGLE RD.","WHITEHORSE RD",228.00,W,N,B,-,N,,,,,,,,,,Y,3,0,3,2,A,-,05,21460,A,N,A,C,A,A,H,-,A,D,0,,,,,Y,,A,01,0,3,0,0,0,0,0,0,0,"- ","- ",38.561931610107422,-120.96945953369141,"EL DORADO",UNINCORPORATED,-120.96929931640625,38.561958312988281
91467138,2021,2021-05-06,9245,2021-04-28,1710,017364,,3,2,9,0900,0,2,4,,1,041,"PLEASANT VALLEY RD","BIG CUT RD",0.00,,Y,A,-,N,,,,,,,,,,Y,3,0,3,3,A,-,03,22350,,N,C,C,A,A,H,-,A,D,0,,,,,Y,,D,22,0,3,0,0,0,0,0,0,0,"- ","- ",38.690170288085938,-120.78743743896484,"EL DORADO",UNINCORPORATED,-120.78741455078125,38.6900634765625
91468902,2021,2021-05-10,9245,2021-05-02,0950,018601,,7,1,9,0900,0,2,S,,2,005,"ICE HOUSE RD","BIG HILL LOOKOUT RD",5280.00,N,N,A,-,N,,,,,,,,,,Y,4,0,1,1,A,-,03,22350,,N,E,I,A,A,H,-,A,D,0,,,Y,,Y,,C,02,0,0,1,0,0,0,0,0,1,"- ","- ",38.837810516357422,-120.37438201904297,"EL DORADO",UNINCORPORATED,-120.37520599365234,38.837093353271484
91470483,2021,2021-05-27,9245,2021-05-02,1415,018782,,7,2,9,0900,0,3,5,,2,001,"CAMBRIDGE RD","KNOLLWOOD DR",300.00,N,N,A,-,N,,,,,,,,,,N,4,0,1,2,A,-,03,22350,,M,C,C,A,A,C,-,A,D,0,,,,,Y,,A,01,0,0,1,0,0,0,0,0,0,"- ","- ",38.659610748291016,-120.99756622314453,"EL DORADO",UNINCORPORATED,-120.99787902832031,38.65948486328125
91470561,2021,2021-05-27,9245,2021-05-02,1735,018394,,7,2,9,0900,0,2,4,,2,012,"SALMON FALLS RD","SALMON VALLEY LN",3.00,N,N,A,-,N,,,,,,,,,,Y,2,0,2,2,A,-,03,22350,,N,C,C,A,A,H,-,A,D,0,,,,,Y,,A,07,1,1,0,0,0,0,0,0,0,"- ","- ",38.582401275634766,-121.49539947509766,"EL DORADO",UNINCORPORATED,-121.06063842773438,38.741569519042969
91472555,2021,2021-09-09,9246,2021-05-09,1214,014471,,7,1,9,0900,0,1,2,,1,020,"US-50 (LINCOLN HWY)","SAYLES CANYON TR.",2640.00,W,N,A,-,Y,,,50,,,,,,,Y,1,1,1,1,A,-,01,23152,A,N,E,I,A,A,H,-,A,D,0,,,,,Y,Y,A,01,0,1,0,0,0,0,0,0,0,"- ","- ",38.802669525146484,-120.11894226074219,"EL DORADO",UNINCORPORATED,-120.11899566650391,38.802715301513672
91472625,2021,2021-05-27,9246,2021-05-07,1910,017106,,5,2,9,0900,0,1,2,,1,021,"US-50 (LINCOLN HWY)","JOHNSON PASS RD",1500.00,E,N,A,-,Y,,,50,,,,,,,Y,3,0,1,1,A,-,08,22107,,N,E,I,A,A,H,-,A,D,0,,,,,Y,,A,01,0,1,0,0,0,0,0,0,0,"- ","- ",38.822681427001953,-120.04015350341797,"EL DORADO",UNINCORPORATED,-120.03996276855469,38.823047637939453
91475739,2021,2021-05-27,9245,2021-05-08,1530,019252,,6,2,9,0900,0,2,4,,1,041,"PLEASANT VALLEY ROAD","DOWNING LANE",45.00,E,N,A,-,N,,,,,,,,,,Y,4,0,1,2,A,-,05,21460,A,N,B,C,A,A,H,-,A,D,0,,,,,Y,,A,01,0,0,1,0,0,0,0,0,0,"- ","- ",38.692939758300781,-120.79615020751953,"EL DORADO",UNINCORPORATED,-120.79678344726562,38.693000793457031
91475890,2021,2021-05-27,9245,2021-05-08,1850,018394,,6,2,9,0900,0,3,5,,2,001,"RIDGEVIEW DR","MUSE DR",0.00,,Y,A,-,N,,,,,,,,,,Y,3,0,1,2,A,-,09,21802,A,N,D,C,A,A,H,-,A,A,0,,,,,Y,,D,22,0,1,0,0,0,0,0,0,0,"- ","- ",38.677608489990234,-121.08689880371094,"EL DORADO",UNINCORPORATED,-121.08685302734375,38.677509307861328
91476853,2021,2021-05-27,9245,2021-05-12,1618,015607,,3,2,9,0900,0,2,4,,1,043,"SLY PARK ROAD","ONYX TRAIL",510.00,S,N,A,-,N,,,,,,,,,,N,4,0,1,1,A,-,03,22350,,N,E,I,A,A,H,-,A,D,0,,,,,Y,,A,01,0,0,1,0,0,0,0,0,0,"- ","- ",38.750659942626953,-120.55947113037109,"EL DORADO",UNINCORPORATED,-120.55934143066406,38.750694274902344
91478184,2021,2021-05-27,9245,2021-05-13,2050,015607,,4,2,9,0900,0,1,3,,1,122,SR-193,"ZDOLSEK PLACE",170.00,E,N,A,-,Y,,,193,,,,,,,Y,2,0,1,1,C,-,18,,,N,E,H,A,A,H,-,D,D,0,,,Y,,Y,,-,"- ",1,0,0,0,0,0,0,0,1,"- ","- ",38.904640197753906,-120.91747283935547,"EL DORADO",UNINCORPORATED,-120.91758728027344,38.904655456542969
91481193,2021,2021-09-07,9245,2021-05-16,1015,018394,,7,1,9,0900,0,2,4,,1,037,"PLEASANT VALLEY RD","MISSOURI FLAT RD",150.00,E,N,A,-,N,,,,,,,,,,N,3,0,1,2,A,-,08,22107,,F,B,G,A,A,H,-,A,A,0,,Y,,,Y,,D,22,0,1,0,0,0,0,1,0,0,"- ","- ",38.582401275634766,-121.49539947509766,"EL DORADO",UNINCORPORATED,-120.82294464111328,38.693004608154297
91481389,2021,2021-05-27,9245,2021-05-17,1315,016451,,1,1,9,0900,0,2,4,,1,013,"NORTH SHINGLE ROAD","EASTVIEW DR",100.00,N,N,A,-,N,,,,,,,,,,Y,3,0,3,2,A,-,09,21801,A,N,D,C,A,A,H,-,A,D,0,,,,,Y,,A,01,0,3,0,0,0,0,0,0,0,"- ","- ",38.671600341796875,-120.92855072021484,"EL DORADO",UNINCORPORATED,-120.92850494384766,38.671638488769531
91485811,2021,2021-05-31,9245,2021-05-23,1400,018782,,7,2,9,0900,0,1,3,,1,135,SR-49,"COMMERCE WAY",300.00,S,N,A,-,Y,,,49,,,,,,,Y,2,0,3,3,A,-,17,22109,,F,B,C,A,A,H,-,A,D,0,,,Y,,Y,,-,99,1,2,0,0,0,0,0,0,3,"- ","- ",38.692008972167969,-120.82669830322266,"EL DORADO",UNINCORPORATED,-120.82669067382812,38.691967010498047
91485833,2021,2021-05-31,9245,2021-05-25,0800,013929,,2,1,9,0900,0,1,2,,2,140,"RT 50","RIDGEWAY DRIVE",1056.00,W,N,A,-,Y,,,50,,,,,,,Y,3,0,1,1,C,-,18,,,N,H,H,A,A,H,-,A,D,0,,,,,Y,,-,"- ",0,1,0,0,0,0,0,0,0,"- ","- ",38.745960235595703,-120.62425994873047,"EL DORADO",UNINCORPORATED,-120.62423706054688,38.745925903320312
91488518,2021,2021-06-03,9245,2021-05-23,1700,017364,,7,2,9,0900,0,2,4,,1,041,"CEDAR RAVINE ROAD","PLEASANT VALLEY RD",0.00,,Y,B,-,N,,,,,,,,,,Y,2,0,1,1,A,-,03,22350,,N,E,I,A,A,H,-,A,A,0,,,Y,,Y,,C,02,1,0,0,0,0,0,0,0,1,"- ","- ",38.6787109375,-120.74121856689453,"EL DORADO",UNINCORPORATED,-120.74113464355469,38.678707122802734
91492775,2021,2021-06-09,9245,2021-05-31,1324,017897,,1,1,9,0900,0,2,4,,1,032,"CAMERON PARK DR","US-50 W/B",0.00,,Y,A,-,Y,,,50,,,,,,,Y,3,0,2,3,A,-,12,21453,A,N,A,C,A,A,H,-,A,A,0,,,,,Y,,A,01,0,1,1,0,0,0,0,0,0,"- ","- ",38.658988952636719,-120.96900177001953,"EL DORADO",UNINCORPORATED,-120.96900177001953,38.659358978271484
91494451,2021,2021-06-10,9245,2021-06-04,1345,015607,,5,1,9,0900,0,3,5,,2,002,"WENTWORTH SPRINGS RD","DITCH CAMP ROAD",530.00,E,N,A,-,N,,,,,,,,,,N,3,0,1,2,A,-,05,21460,A,N,D,C,A,A,H,-,A,D,0,,,Y,,Y,,D,22,0,1,0,0,0,0,0,0,1,"- ","- ",38.919170379638672,-120.69197845458984,"EL DORADO",UNINCORPORATED,-120.69210052490234,38.919239044189453
91494457,2021,2021-06-10,9245,2021-05-30,2043,017364,,7,2,9,0900,0,1,3,,1,115,"COLOMA RD","RIVER PARK DR",15.00,N,N,A,-,Y,,,,,,,,,,N,2,0,1,2,A,-,17,23109,C,F,G,B,D,A,H,-,C,D,0,Y,,,,Y,Y,D,22,1,0,0,0,1,0,0,0,0,"- ","- ",38.808631896972656,-120.90339660644531,"EL DORADO",UNINCORPORATED,-120.90438842773438,38.808605194091797
91496337,2021,2021-06-14,9245,2021-06-08,0652,017897,,2,1,9,0900,0,3,5,,2,001,"GREENSTONE RD","GOLD LEAF LN",0.00,,Y,A,-,N,,,,,,,,,,Y,4,0,2,2,A,-,01,23152,A,N,D,C,A,A,H,-,A,D,0,,,,,Y,Y,A,01,0,0,2,0,0,0,0,0,0,"- ","- ",38.699298858642578,-120.88725280761719,"EL DORADO",UNINCORPORATED,-120.88732147216797,38.699344635009766
91497322,2021,2021-06-15,9246,2021-06-10,1220,014471,,4,1,9,0900,0,1,2,,1,022,"US 50 (LINCOLN HIGHWAY)","PIONEER TRAIL",8.00,W,N,A,-,Y,,,,,,,,,,Y,4,0,1,2,A,-,03,22350,,N,C,C,A,A,H,-,A,A,0,,,,,Y,,D,22,0,0,1,0,0,0,0,0,0,"- ","- ",38.859760284423828,-120.01207733154297,"EL DORADO",UNINCORPORATED,-120.01216125488281,38.859531402587891
91497405,2021,2021-06-15,9245,2021-06-08,2145,019793,,2,2,9,0900,0,1,2,,2,140,"US-50 W/B","COUNTY ROAD 1022",108.00,E,N,A,-,Y,,,50,,,,,,W,Y,4,0,1,1,A,-,08,22107,,N,E,8,A,A,D,-,D,D,0,,,,,Y,,D,22,0,0,1,0,0,0,0,0,0,"- ","- ",38.738590240478516,-120.72955322265625,"EL DORADO",UNINCORPORATED,-120.72954559326172,38.738574981689453
91505819,2021,2021-06-25,9246,2021-06-18,0725,014471,,5,1,9,0900,0,2,4,,1,024,"PIONEER TRAIL","ELKS CLUB DR.",104.00,W,N,A,-,N,,,,,,,,,,Y,3,0,1,2,A,-,01,23152,A,N,C,C,A,A,H,-,A,D,0,,,,,Y,Y,A,01,0,1,0,0,0,0,0,0,0,"- ","- ",38.870311737060547,-119.99440765380859,"EL DORADO",UNINCORPORATED,-119.99459075927734,38.870155334472656