CASE_ID,ACCIDENT_YEAR,PROC_DATE,JURIS,COLLISION_DATE,COLLISION_TIME,OFFICER_ID,REPORTING_DISTRICT,DAY_OF_WEEK,CHP_SHIFT,POPULATION,CNTY_CITY_LOC,SPECIAL_COND,BEAT_TYPE,CHP_BEAT_TYPE,CITY_DIVISION_LAPD,CHP_BEAT_CLASS,BEAT_NUMBER,PRIMARY_RD,SECONDARY_RD,DISTANCE,DIRECTION,INTERSECTION,WEATHER_1,WEATHER_2,STATE_HWY_IND,CALTRANS_COUNTY,CALTRANS_DISTRICT,STATE_ROUTE,ROUTE_SUFFIX,POSTMILE_PREFIX,POSTMILE,LOCATION_TYPE,RAMP_INTERSECTION,SIDE_OF_HWY,TOW_AWAY,COLLISION_SEVERITY,NUMBER_KILLED,NUMBER_INJURED,PARTY_COUNT,PRIMARY_COLL_FACTOR,PCF_CODE_OF_VIOL,PCF_VIOL_CATEGORY,PCF_VIOLATION,PCF_VIOL_SUBSECTION,HIT_AND_RUN,TYPE_OF_COLLISION,MVIW,PED_ACTION,ROAD_SURFACE,ROAD_COND_1,ROAD_COND_2,LIGHTING,CONTROL_DEVICE,CHP_ROAD_TYPE,PEDESTRIAN_ACCIDENT,BICYCLE_ACCIDENT,MOTORCYCLE_ACCIDENT,TRUCK_ACCIDENT,NOT_PRIVATE_PROPERTY,ALCOHOL_INVOLVED,STWD_VEHTYPE_AT_FAULT,CHP_VEHTYPE_AT_FAULT,COUNT_SEVERE_INJ,COUNT_VISIBLE_INJ,COUNT_COMPLAINT_PAIN,COUNT_PED_KILLED,COUNT_PED_INJURED,COUNT_BICYCLIST_KILLED,COUNT_BICYCLIST_INJURED,COUNT_MC_KILLED,COUNT_MC_INJURED,PRIMARY_RAMP,SECONDARY_RAMP,LATITUDE,LONGITUDE,COUNTY,CITY,POINT_X,POINT_Y
91582758,2021,2021-09-29,9245,2021-09-23,1630,017364,,4,2,9,0900,0,2,4,,1,042,"BUCKS BAR RD","BUCKAROO TRL",3696.00,N,N,A,-,N,,,,,,,,,,Y,3,0,1,1,A,-,06,21750,,N,F,I,A,A,H,-,A,D,0,,,Y,,Y,,C,02,0,1,0,0,0,0,0,0,1,"- ","- ",38.663509368896484,-120.71494293212891,"EL DORADO",UNINCORPORATED,-120.70352935791016,38.655353546142578
91585933,2021,2021-10-01,9245,2021-09-18,0330,019793,,6,3,9,0900,0,1,3,,1,115,SR-49,"COLOMA HEIGHTS RD",14.00,S,N,A,-,N,,,49,,,,,,,Y,3,0,1,1,A,-,01,23152,A,N,E,I,A,A,H,-,D,D,0,,,,,Y,Y,A,01,0,1,0,0,0,0,0,0,0,"- ","- ",38.798721313476562,-120.88874053955078,"EL DORADO",UNINCORPORATED,-120.88878631591797,38.798725128173828
91587154,2021,2021-10-04,9245,2021-09-24,1820,020508,,5,2,9,0900,0,2,4,,1,025,"PONY EXPRESS TRL","SLY PARK RD",300.00,W,N,A,-,N,,,,,,,,,,N,3,0,1,2,A,-,09,21801,A,N,F,A,A,A,H,-,A,D,0,,,Y,,Y,,D,22,0,1,0,0,0,0,0,0,1,"- ","- ",38.76300048828125,-120.57755279541016,"EL DORADO",UNINCORPORATED,-120.57746887207031,38.763023376464844
91590847,2021,2021-10-07,9245,2021-09-30,1850,015609,,4,2,9,0900,0,2,4,,1,013,"LOTUS RD","THOMPSON HILL RD",1056.00,N,N,A,-,N,,,,,,,,,,N,2,0,1,2,A,-,05,21460,A,N,B,C,A,A,H,-,B,D,0,,,Y,,Y,,C,02,1,0,0,0,0,0,0,0,1,"- ","- ",38.776348114013672,-120.92458343505859,"EL DORADO",UNINCORPORATED,-120.92487335205078,38.774517059326172
91591729,2021,2021-10-08,9245,2021-10-02,1440,021379,,6,2,9,0900,0,2,4,,2,012,"SALMON FALLS RD","SALMON FALLS CT",500.00,S,N,A,-,N,,,,,,,,,,Y,3,0,1,1,A,-,03,22350,,N,E,I,A,A,H,-,A,D,0,,,Y,,Y,,C,02,0,1,0,0,0,0,0,0,1,"- ","- ",38.787761688232422,-121.02461242675781,"EL DORADO",UNINCORPORATED,-121.02381896972656,38.787372589111328
91599490,2021,2021-10-18,9245,2021-10-11,2120,021050,,1,2,9,0900,0,2,4,,2,012,"SALMON FALLS RD","DORADO RIDGE TRL",75.00,N,N,A,-,N,,,,,,,,,,Y,2,0,1,1,A,-,08,22107,,N,F,A,A,A,H,-,D,D,0,,,,,Y,,A,01,1,0,0,0,0,0,0,0,0,"- ","- ",38.768199920654297,-121.040771484375,"EL DORADO",UNINCORPORATED,-121.04079437255859,38.768093109130859
91600380,2021,2021-10-19,9246,2021-10-11,1015,017757,,1,1,9,0900,0,2,4,,1,024,"PIONEER TRAIL","US-50 (LINCOLN HWY)",377.00,S,N,D,-,N,,,,,,,,,,Y,3,0,4,2,A,-,03,22350,,N,A,C,A,C,H,-,A,D,0,,,,,Y,,A,07,0,4,0,0,0,0,0,0,0,"- ","- ",38.8597412109375,-120.01071166992188,"EL DORADO",UNINCORPORATED,-120.01216125488281,38.859508514404297
91602269,2021,2021-10-21,9245,2021-10-14,1856,021379,,4,2,9,0900,0,3,5,,2,003,"DUROCK RD","PRODUCT DR",5.00,E,N,A,-,N,,,,,,,,,,Y,3,0,1,2,A,-,03,22350,,N,C,C,A,A,H,-,D,D,0,,,,,Y,,A,01,0,1,0,0,0,0,0,0,0,"- ","- ",38.657779693603516,-120.95012664794922,"EL DORADO",UNINCORPORATED,-120.95005035400391,38.6578369140625
91605817,2021,2021-10-25,9245,2021-10-17,1525,018601,,7,2,9,0900,0,1,3,,1,122,"SR-193 E/OF AMERICAN RIVER TRL","AMERICAN RIVER TRL",100.00,E,N,A,-,Y,,,193,,,,R,,,N,4,0,2,2,A,-,08,22107,,N,D,C,A,A,H,-,A,D,0,,,,,Y,,A,08,0,0,2,0,0,0,0,0,0,"- ","- ",38.891151428222656,-121.00044250488281,"EL DORADO",UNINCORPORATED,-121.00044250488281,38.891151428222656
91606697,2021,2021-10-26,9245,2021-10-19,0510,021050,,2,3,9,0900,0,2,4,,2,012,"EL DORADO HILLS BLVD","SARATOGA WAY",0.00,,Y,B,-,N,,,,,,,,,,Y,3,0,2,2,A,-,09,21453,C,N,A,C,A,A,H,-,C,A,0,,,,,Y,,A,01,0,2,0,0,0,0,0,0,0,"- ","- ",38.656761169433594,-121.07192230224609,"EL DORADO",UNINCORPORATED,-121.07192230224609,38.656719207763672
91606891,2021,2021-10-26,9245,2021-10-20,1725,018782,,3,2,9,0900,0,3,5,,2,004,"GRIZZLY FLAT RD","EVERGREEN ROAD",0.00,,Y,B,-,N,,,,,,,,,,N,4,0,1,1,A,-,08,22107,,N,E,I,A,A,H,-,A,D,0,,,,,Y,,A,01,0,0,1,0,0,0,0,0,0,"- ","- ",38.632701873779297,-120.53559112548828,"EL DORADO",UNINCORPORATED,-120.53546142578125,38.632698059082031
91610755,2021,2021-10-29,9245,2021-08-15,1528,018756,,7,2,9,0900,0,1,2,,2,110,US-50,"SILVA VALLEY ROAD",2800.00,E,N,A,-,Y,,,50,,,,,,,N,1,1,0,1,A,-,08,22107,,N,E,I,A,A,H,-,A,A,0,,,,,Y,,A,01,0,0,0,0,0,0,0,0,0,"- ","- ",38.656280517578125,-121.04498291015625,"EL DORADO",UNINCORPORATED,-121.04468536376953,38.656650543212891
91613734,2021,2021-11-02,9245,2021-09-05,0159,019793,,7,3,9,0900,0,1,2,,2,120,"US-50 W/B TO EL DORADO ROAD","EL DORADO ROAD",10.00,W,N,A,-,Y,,,50,,,,R,,W,Y,1,1,0,1,A,-,01,23152,A,N,E,I,A,A,H,-,D,D,0,,,,,Y,Y,D,22,0,0,0,0,0,0,0,0,0,"- ","- ",38.705280303955078,-120.85678863525391,"EL DORADO",UNINCORPORATED,-120.85678863525391,38.705280303955078
91615336,2021,2021-11-03,9245,2021-10-27,1710,017364,,3,2,9,0900,0,2,4,,1,041,"PLEASANT VALLEY RD","TOYAN DR",0.00,,Y,B,-,N,,,,,,,,,,Y,3,0,2,2,A,-,09,21801,A,N,D,C,A,A,H,-,A,D,0,,,,,Y,,A,01,0,2,0,0,0,0,0,0,0,"- ","- ",38.695030212402344,-120.81154632568359,"EL DORADO",UNINCORPORATED,-120.81144714355469,38.695022583007812
91616402,2021,2022-01-04,9245,2021-10-29,1638,021379,,5,2,9,0900,0,3,5,,2,003,"DUROCK RD","PIN LN",1.00,E,N,A,-,N,,,,,,,,,,Y,1,1,0,3,A,-,09,21801,A,N,D,C,A,A,H,-,A,D,0,,,Y,,Y,,D,22,0,0,0,0,0,0,0,1,0,"- ","- ",38.657421112060547,-120.95242309570312,"EL DORADO",UNINCORPORATED,-120.95243835449219,38.657421112060547
91617595,2021,2021-11-05,9245,2021-10-30,2200,021050,,6,3,9,0900,0,3,5,,2,001,"GREENSTONE RD","BEARS DEN ROAD",100.00,S,N,B,-,N,,,,,,,,,,Y,3,0,1,1,A,-,01,23152,A,N,E,I,A,A,H,-,D,D,0,,,,,Y,Y,D,22,0,1,0,0,0,0,0,0,0,"- ","- ",38.702011108398438,-120.88677978515625,"EL DORADO",UNINCORPORATED,-120.88677215576172,38.702037811279297
91617701,2021,2021-11-05,9245,2021-11-02,0001,016328,,2,3,9,0900,0,2,4,,2,031,"LATROBE RD","ROYAL OAKS DR",0.00,,Y,B,-,N,,,,,,,,,,Y,3,0,1,1,A,-,01,23152,A,N,E,J,A,B,H,-,D,A,0,,,,,Y,Y,A,07,0,1,0,0,0,0,0,0,0,"- ","- ",38.614261627197266,-121.04566192626953,"EL DORADO",UNINCORPORATED,-121.04544830322266,38.614120483398438
91621708,2021,2021-11-10,9245,2021-11-03,2157,019193,,3,2,9,0900,0,1,2,,2,110,"US-50 W/B","DEER CREEK",976.00,E,N,A,-,Y,,,50,,,,,,W,Y,2,0,2,1,A,-,08,22107,,N,E,I,A,A,H,-,D,D,0,,,,,Y,,D,22,2,0,0,0,0,0,0,0,0,"- ","- ",38.657440185546875,-120.98813629150391,"EL DORADO",UNINCORPORATED,-120.98815155029297,38.657344818115234
91621761,2021,2021-11-10,9245,2021-11-05,0940,018656,,5,1,9,0900,0,1,3,,1,115,SR-49,"RATTLESNAKE BAR RD",150.00,S,N,A,-,Y,,,,,,,,,,Y,4,0,1,1,A,-,03,22350,,N,E,I,A,A,H,-,A,D,0,,,,,Y,,A,07,0,0,1,0,0,0,0,0,0,"- ","- ",38.838619232177734,-120.01537322998047,"EL DORADO",UNINCORPORATED,-121.01519775390625,38.840518951416016
91621775,2021,2021-11-10,9245,2021-11-05,1915,019252,,5,2,9,0900,0,2,S,,2,005,"UNION RIDGE RD","MIRACLE MOUNTAIN DRIVE",755.00,E,N,B,-,N,,,,,,,,,,Y,3,0,1,2,A,-,01,23152,A,N,C,C,A,A,H,-,D,D,0,,,,,Y,Y,A,01,0,1,0,0,0,0,0,0,0,"- ","- ",38.746498107910156,-120.75035095214844,"EL DORADO",UNINCORPORATED,-120.75041198730469,38.746501922607422
91623457,2021,2021-11-12,9245,2021-11-09,0820,017320,,2,1,9,0900,0,1,2,,2,120,"EB US-50 SHINGLE SPRINGS ONRAMP","SHINGLE SPRINGS RD",455.00,E,N,B,C,Y,,,50,,,,,,,Y,3,0,1,1,A,-,03,22350,,N,E,I,A,B,H,-,A,D,0,,,,,Y,,A,01,0,1,0,0,0,0,0,0,0,"- ","- ",38.680759429931641,-120.91390228271484,"EL DORADO",UNINCORPORATED,-120.91409301757812,38.680957794189453
91625000,2021,2021-11-15,9245,2021-11-09,1705,018756,,2,2,9,0900,0,2,4,,1,037,"FORNI ROAD","MISSOURI FLAT RD",6.00,W,N,B,-,N,,,,,,,,,,N,4,0,1,2,A,-,08,22107,,M,A,D,A,B,H,-,B,A,0,,,,,Y,,A,07,0,0,1,0,0,0,0,0,0,"- ","- ",38.706268310546875,-120.83094024658203,"EL DORADO",UNINCORPORATED,-120.83076477050781,38.706417083740234
91630417,2021,2021-11-19,9245,2021-11-11,1640,018782,,4,2,9,0900,0,1,2,,2,120,US-50,"EL DORADO ROAD",1000.00,W,N,A,-,Y,,,50,,,,,,,Y,4,0,1,2,A,-,03,22350,,N,C,C,A,A,H,-,B,D,0,,,,,Y,,A,01,0,0,1,0,0,0,0,0,0,"- ","- ",38.7010498046875,-120.86531066894531,"EL DORADO",UNINCORPORATED,-120.86547088623047,38.701507568359375
91632301,2021,2021-11-22,9245,2021-11-21,1120,017728,,7,1,9,0900,0,1,3,,1,122,SR-193,SR-49,1584.00,N,N,A,-,Y,,,193,,,,,,,N,4,0,1,1,A,-,03,22350,,N,E,I,A,A,H,-,A,D,0,,,,,Y,,A,01,0,0,1,0,0,0,0,0,0,"- ","- ",38.754199981689453,-120.81919860839844,"EL DORADO",UNINCORPORATED,-120.81863403320312,38.754302978515625
91636696,2021,2021-11-29,9246,2021-11-24,1713,018085,,3,2,9,0900,0,1,2,,1,020,US-50,"MT. RALSTON",33.00,W,N,A,-,Y,,,50,,,,,,,Y,3,0,1,1,A,-,08,22107,,N,E,I,A,A,H,-,D,D,0,,,,,Y,,A,01,0,1,0,0,0,0,0,0,0,"- ","- ",38.805438995361328,-120.10780334472656,"EL DORADO",UNINCORPORATED,-120.10778045654297,38.8052978515625
91636714,2021,2021-11-29,9245,2021-11-15,1250,017897,,1,1,9,0900,0,2,4,,2,031,"GOLDEN FOOTHILL PARKWAY","LATROBE RD",0.00,,Y,A,-,N,,,,,,,,,,Y,2,0,3,2,A,-,12,21453,A,N,D,C,A,A,H,-,A,A,0,,,,,Y,,A,07,1,2,0,0,0,0,0,0,0,"- ","- ",38.720920562744141,-120.830810546875,"EL DORADO",UNINCORPORATED,-121.06561279296875,38.641319274902344
91638391,2021,2021-11-30,9245,2021-11-27,1900,017040,,6,2,9,0900,0,2,4,,1,037,"MISSOURI FLAT ROAD","INDUSTRIAL DR.",0.00,,Y,A,-,N,,,,,,,,,,Y,4,0,2,2,A,-,12,21453,A,N,D,C,A,A,H,-,D,A,0,,,,,Y,,A,01,0,0,2,0,0,0,0,0,0,"- ","- ",38.698570251464844,-120.82309722900391,"EL DORADO",UNINCORPORATED,-120.82301330566406,38.698642730712891
91643485,2021,2021-12-06,9246,2021-11-26,2039,018085,,5,2,9,0900,0,1,2,,1,021,US-50,"DRY BRIDGE",528.00,E,N,A,-,Y,,,50,,,,,,,Y,3,0,1,2,A,-,05,21460,A,N,A,C,A,A,H,-,D,D,0,,,,,Y,,A,01,0,1,0,0,0,0,0,0,0,"- ","- ",38.822681427001953,-120.02796936035156,"EL DORADO",UNINCORPORATED,-120.02799987792969,38.822685241699219
91644408,2021,2021-12-06,9245,2021-11-29,1730,017364,,1,2,9,0900,0,3,5,,2,004,"TREASURE ROCK LN","SECLUSION LN",250.00,E,N,A,-,N,,,,,,,,,,Y,4,0,1,1,A,-,08,22107,,N,E,I,A,A,H,-,B,D,0,,,,,Y,,A,07,0,0,1,0,0,0,0,0,0,"- ","- ",38.708568572998047,-120.6636962890625,"EL DORADO",UNINCORPORATED,-120.66262817382812,38.709011077880859
91649057,2021,2021-12-10,9245,2021-12-03,0130,018656,,5,3,9,0900,0,2,4,,1,042,"BUCKS BAR RD","BUCKAROO TRL",175.00,N,N,A,-,N,,,,,,,,,,Y,3,0,1,1,A,-,03,22350,,N,E,I,A,A,H,-,D,D,0,,,,,Y,,A,01,0,1,0,0,0,0,0,0,0,"- ","- ",38.654930114746094,-120.71054840087891,"EL DORADO",UNINCORPORATED,-120.71023559570312,38.655094146728516
91649254,2021,2021-12-10,9245,2021-12-03,1615,017040,,5,2,9,0900,0,3,5,,2,001,"SOPHIA PARKWAY","CORSICA DR.",8.00,N,N,A,-,N,,,,,,,,,,Y,4,0,1,2,A,-,09,21801,A,N,D,C,A,A,H,-,A,D,0,,,,,Y,,A,01,0,0,1,0,0,0,0,0,0,"- ","- ",38.699119567871094,-121.10498809814453,"EL DORADO",UNINCORPORATED,-121.10502624511719,38.698986053466797
91650765,2021,2021-12-13,9245,2021-12-06,2045,015609,,1,2,9,0900,0,2,4,,1,021,"MARSHALL RD","PROSPECTORS RD",442.00,W,N,C,E,N,,,,,,,,,,Y,2,0,1,1,A,-,01,23152,A,N,E,I,A,B,H,-,D,D,0,,,,,Y,Y,A,01,1,0,0,0,0,0,0,0,0,"- ","- ",38.8414306640625,-120.88584136962891,"EL DORADO",UNINCORPORATED,-120.90393829345703,38.815559387207031
91652997,2021,2021-12-15,9245,2021-12-07,0725,015563,,2,1,9,0900,0,2,4,,1,014,"COLD SPRINGS RD","LAKOTAH LANE",400.00,S,N,B,E,N,,,,,,,,,,Y,3,0,4,2,A,-,03,22350,,N,A,C,A,B,H,-,A,D,0,,,,,Y,,A,01,0,4,0,0,0,0,0,0,0,"- ","- ",38.793098449707031,-120.88941955566406,"EL DORADO",UNINCORPORATED,-120.88928985595703,38.793125152587891
91656310,2021,2021-12-20,9245,2021-12-10,1535,021493,,5,2,9,0900,0,2,4,,1,013,"PONDEROSA RD","LOS PADRES LN",200.00,N,N,A,-,N,,,,,,,,,,N,3,0,2,1,C,-,18,,,N,D,H,A,A,H,-,A,D,0,,,,,Y,,-,"- ",0,2,0,0,0,0,0,0,0,"- ","- ",38.668540954589844,-120.93940734863281,"EL DORADO",UNINCORPORATED,-120.93922424316406,38.668483734130859
91656516,2021,2021-12-20,9245,2021-12-13,2156,019793,,1,2,9,0900,0,1,2,,2,110,"US-50 E/B","BASS LAKE RD",3960.00,E,N,B,C,Y,,,,,,,,,,Y,4,0,1,1,A,-,03,22350,,N,E,I,A,B,H,-,D,D,0,,,,,Y,,A,01,0,0,1,0,0,0,0,0,0,"- ","- ",38.654930114746094,-120.01576232910156,"EL DORADO",UNINCORPORATED,-121.01592254638672,38.655059814453125
91658124,2021,2021-12-21,9245,2021-12-16,1340,015609,,4,1,9,0900,0,3,5,,2,004,"BUCKS BAR RD","PALACE LN",2640.00,S,N,B,-,N,,,,,,,,,,Y,3,0,1,1,A,-,03,22350,,N,E,I,A,B,H,-,A,D,0,,,,,Y,,A,01,0,1,0,0,0,0,0,0,0,"- ","- ",38.66973876953125,-120.71662902832031,"EL DORADO",UNINCORPORATED,-120.73145294189453,38.675163269042969
91662176,2021,2021-12-27,9245,2021-12-22,0114,019793,,3,3,9,0900,0,1,2,,2,110,"US-50 E/B","BASS LAKE ROAD",2000.00,W,N,B,C,Y,,,50,,,,,,E,Y,3,0,1,1,A,-,08,22107,,N,E,I,A,B,H,-,D,D,0,,,,,Y,,D,22,0,1,0,0,0,0,0,0,0,"- ","- ",38.654388427734375,-121.03717041015625,"EL DORADO",UNINCORPORATED,-121.03713989257812,38.654258728027344
91663544,2021,2021-12-28,9245,2021-12-17,0830,017320,,5,1,9,0900,0,3,5,,2,003,"BLANCHARD RD","DRIVEWAY TO 4427 BLANCHARD RD",23.00,N,N,A,-,N,,,,,,,,,,Y,4,0,1,2,A,-,03,22350,,N,E,I,A,B,H,-,B,D,0,,,,,Y,,A,01,0,0,1,0,0,0,0,0,0,"- ","- ",38.691638946533203,-120.84245300292969,"EL DORADO",UNINCORPORATED,,
91663712,2021,2021-12-28,9245,2021-12-23,0600,018601,,4,1,9,0900,0,1,2,,2,110,"US-50 E/B","SILVA VALLEY PARKWAY",150.00,E,N,C,-,Y,,,,,,,,,,Y,3,0,2,3,A,-,03,22350,,N,C,C,A,B,H,-,D,D,0,,,,,Y,,D,22,0,2,0,0,0,0,0,0,0,"- ","- ",38.658058166503906,-120.05345153808594,"EL DORADO",UNINCORPORATED,-121.05487823486328,38.657852172851562
91667586,2021,2021-12-31,9245,2021-12-19,2350,019793,,7,3,9,0900,0,1,2,,2,120,"US-50 E/B","PONDEROSA RD",1831.00,E,N,A,-,Y,,,50,,,,,,E,Y,2,0,1,1,A,-,08,22107,,N,F,A,A,A,H,-,D,D,0,,,,,Y,,D,22,1,0,0,0,0,0,0,0,0,"- ","- ",38.665290832519531,-120.93196868896484,"EL DORADO",UNINCORPORATED,-120.93185424804688,38.665081024169922
91667616,2021,2021-12-31,9245,2021-12-22,0835,015563,,3,1,9,0900,0,1,3,,1,116,"US-50 E/B","BASS LAKE ROAD",3696.00,E,N,B,C,Y,,,50,,,,,,E,Y,2,0,1,1,A,-,03,22350,,N,E,I,A,B,H,-,A,D,0,,,,,Y,,A,01,1,0,0,0,0,0,0,0,0,"- ","- ",38.655128479003906,-121.01592254638672,"EL DORADO",UNINCORPORATED,-121.01592254638672,38.655033111572266
91668587,2021,2022-01-03,9245,2021-12-21,2015,018782,,2,2,9,0900,0,2,4,,2,011,"GREEN VALLEY ROAD","FRANCISCO DR",0.00,,Y,B,-,N,,,,,,,,,,Y,3,0,1,2,A,-,12,21453,A,N,D,C,A,A,H,-,C,A,0,,,,,Y,,D,22,0,1,0,0,0,0,0,0,0,"- ","- ",38.709400177001953,-121.08596038818359,"EL DORADO",UNINCORPORATED,-121.08540344238281,38.709568023681641
91669123,2021,2022-01-04,9245,2021-12-22,1749,017897,,3,2,9,0900,0,1,2,,2,110,"US-50 W/B","EL DORADO HILLS BLVD",1320.00,W,N,C,-,Y,,,,,,,,,,Y,4,0,5,4,A,-,03,22350,,N,C,C,A,B,H,-,D,D,0,,,,,Y,,A,01,0,0,5,0,0,0,0,0,0,"- ","- ",38.651618957519531,-120.07539367675781,"EL DORADO",UNINCORPORATED,-121.07177734375,38.652618408203125
91672832,2021,2022-01-06,9245,2021-12-29,1150,018799,,3,1,9,0900,0,2,4,,1,037,"MISSOURI FLAT RD","MOTHER LODE DR",0.00,,Y,B,C,Y,,,,,,,,,,Y,4,0,1,2,A,-,12,21453,A,N,D,C,A,B,H,-,A,A,0,,,,,Y,,D,22,0,0,1,0,0,0,0,0,0,"- ","- ",38.710311889648438,-120.8377685546875,"EL DORADO",UNINCORPORATED,-120.83786010742188,38.710369110107422
91673370,2021,2022-01-07,9245,2021-12-25,0137,021379,,6,3,9,0900,0,1,2,,2,150,"US-50 E/B","7225 US-50",400.00,E,N,D,-,Y,,,50,,,,,,E,Y,4,0,1,1,A,-,03,22350,,N,E,I,A,C,H,-,D,D,0,,,,,Y,,A,01,0,0,1,0,0,0,0,0,0,"- ","- ",38.762718200683594,-120.54611968994141,"EL DORADO",UNINCORPORATED,-120.54612731933594,38.762657165527344
91673392,2021,2022-01-07,9246,2021-12-31,1030,017834,,5,1,9,0900,0,2,4,,1,024,"PIONEER TRL",US-50,32.00,S,N,A,-,Y,,,,,,,,,,Y,4,0,2,3,A,-,03,22350,,N,D,C,A,C,H,-,A,A,0,,,,,Y,,A,01,0,0,2,0,0,0,0,0,0,"- ","- ",38.859611511230469,-120.01161956787109,"EL DORADO",UNINCORPORATED,-120.01216125488281,38.859508514404297
9238108,2021,2021-03-26,0901,2021-02-24,1732,318,PPD,3,5,2,0901,0,0,0,,0,PP2,"CLAY ST","ANDERSON WY",112.00,W,N,A,-,N,,,,,,,,,,Y,3,0,1,2,A,-,05,21650,,N,C,E,A,A,H,-,A,D,0,,,,,Y,,A,01,0,1,0,0,0,0,0,0,0,"- ","- ",,,"EL DORADO",PLACERVILLE,-120.78984832763672,38.733604431152344
9243388,2021,2021-04-19,0901,2021-03-08,1200,295,0901,1,5,2,0901,0,0,0,,0,PP2,"BROADWAY DR","BROADWAY DR 1228",0.00,,Y,A,-,N,,,,,,,,,,N,4,0,1,2,B,-,22,,,N,B,C,A,A,H,-,A,D,0,,,,,Y,,A,01,0,0,1,0,0,0,0,0,0,"- ","- ",,,"EL DORADO",PLACERVILLE,-120.79010772705078,38.731033325195312
9281423,2021,2021-09-27,0901,2021-07-01,0910,320,0901,4,5,2,0901,0,0,0,,0,PP1,"SPRING ST","GARDEN ST",0.00,,Y,A,-,N,,,,,,,,,,Y,4,0,1,2,A,-,09,21802,A,N,A,C,A,A,H,-,A,D,0,,,,,Y,,A,07,0,0,1,0,0,0,0,0,0,"- ","- ",,,"EL DORADO",PLACERVILLE,-120.80065155029297,38.732471466064453
9286165,2021,2021-07-07,0901,2021-06-05,0930,320,0901,6,5,2,0901,0,0,0,,0,PP1,"SACRAMENTO ST","GILMORE ST",772.00,W,N,A,-,Y,ED,3,49,-,-,14.300,H,-,N,Y,4,0,1,2,A,-,05,21650,,N,C,E,A,A,H,-,A,D,0,,,,,Y,,A,07,0,0,1,0,0,0,0,0,0,"- ","- ",,,"EL DORADO",PLACERVILLE,-120.80597686767578,38.724578857421875
9344266,2021,2021-10-18,0901,2021-09-01,0900,340,PPD,3,5,2,0901,0,0,0,,0,PP1,"PLACERVILLE DR","RT 50",93.00,,N,A,-,Y,ED,3,50,-,-,17.164,R,4,E,Y,4,0,1,2,A,-,09,21801,A,N,A,C,A,A,H,-,A,D,0,,,,,Y,,D,22,0,0,1,0,0,0,0,0,0,"- ",EO,,,"EL DORADO",PLACERVILLE,-120.81374359130859,38.72991943359375
9352466,2021,2021-11-23,0901,2021-10-12,1600,344,0901,2,5,2,0901,0,0,0,,0,PP1,"GREEN WING LN","GREEN WING LN  2312",1.00,N,N,A,-,N,,,,,,,,,,N,3,0,1,1,B,-,22,,,N,G,B,A,A,H,-,A,D,0,,,,,Y,,A,07,0,1,0,0,0,0,0,0,0,"- ","- ",,,"EL DORADO",PLACERVILLE,,
9379258,2021,2022-01-12,0901,2021-11-20,2354,344,0901,6,5,2,0901,0,0,0,,0,PP1,"COLOMA ST","BEE ST",200.00,N,N,A,-,Y,ED,3,49,-,-,15.200,H,-,S,Y,4,0,1,1,A,-,05,21650,,N,E,I,A,A,H,-,D,D,0,,,,,Y,,A,01,0,0,1,0,0,0,0,0,0,"- ","- ",,,"EL DORADO",PLACERVILLE,-120.80662536621094,38.732227325439453